504020,SUPERUNICK PODER INMEDIATO MONODOSIS 3x1G,8411519740202,12,"4,1","4,95",Adhesivos instantaneos,http://h2830758.stratoserver.net/DAM GENERAL/FOTOS BAJA/SUPERUNICK_02/504020_SUPERUNICK P_INM 3x1g.jpg
504001,SUPERUNICK PODER INMEDIATO 3G,8411519190014,24,"2,82","3,4",Adhesivos instantaneos,http://h2830758.stratoserver.net/DAM GENERAL/FOTOS BAJA/SUPERUNICK_02/504001_SUPERUNICK_PODER INMEDIATO TUBO.jpg
504008,SUPERUNICK PODER INMEDIATO 3g + 33% GRATIS,8411519190014,12,"2,82","3,4",Adhesivos instantaneos,http://h2830758.stratoserver.net/DAM GENERAL/FOTOS BAJA/SUPERUNICK_02/504008_SUPERUNICK_PODER INMEDIATO TUBO.jpg
504011,SUPERUNICK PODER INMEDIATO PINCEL 5G,8411519191080,12,"4,9","5,95",Adhesivos instantaneos,http://h2830758.stratoserver.net/DAM GENERAL/FOTOS BAJA/SUPERUNICK_02/504011_SUPERUNICK PI PINCEL.jpg
504003,SUPERUNICK PODER INMEDIATO 6 G,8411519190175,12,"4,56","5,5",Adhesivos instantaneos,http://h2830758.stratoserver.net/DAM GENERAL/FOTOS BAJA/SUPERUNICK_02/504003_SUPERUNICK_PODER INMEDIATO BOTELLA.jpg
504004,SUPERUNICK PODER INMEDIATO 20 G,8411519190236,6,"8,86","10,7",Adhesivos instantaneos,http://h2830758.stratoserver.net/DAM GENERAL/FOTOS BAJA/SUPERUNICK_02/504004_SUPERUNICK_PODER INMEDIATO.jpg
504005,SUPERUNICK PODER INMEDIATO 50G,8411519190243,6,"17,59","21,3",Adhesivos instantaneos,http://h2830758.stratoserver.net/DAM GENERAL/FOTOS BAJA/SUPERUNICK_02/504005_SUPERUNICK_PODER INMEDIATO BOTELLA.jpg
504214,SUPERUNICK P.EXTREMO 3 MONODOSIS 1G,8411519742145,12,"4,7","5,7",Adhesivos instantaneos,http://h2830758.stratoserver.net/DAM GENERAL/FOTOS BAJA/SUPERUNICK_02/504214_SUPERUNICK_PODER EXTREMO NONODOSIS.jpg
504203,SUPERUNICK P.EXTREMO 3 G,8411519742039,24,"3,39","4,1",Adhesivos instantaneos,http://h2830758.stratoserver.net/DAM GENERAL/FOTOS BAJA/SUPERUNICK_02/504203_SUPERUNICK_PODER EXTREMO TUBO.jpg
504230,SUPERUNICK P.EXTREMO PINCEL 5G,8411519742305,12,"5,58","6,75",Adhesivos instantaneos,http://h2830758.stratoserver.net/DAM GENERAL/FOTOS BAJA/SUPERUNICK_02/504230_SUPERUNICK_PODER EXTREMO PINCEL.jpg
504250,SUPERUNICK PODER EXTREMO 10G,8411519742503,12,"5,74","6,95",Adhesivos instantaneos,http://h2830758.stratoserver.net/DAM GENERAL/FOTOS BAJA/SUPERUNICK_02/504250_SUPERUNICK_PODER EXTREMO TUBO.jpg
501612,CEYS COLA BLANCA RAPIDA BIBERON 75G,8411519716122,24,"1,55","1,9",cola blanca,http://h2830758.stratoserver.net/DAM GENERAL/FOTOS BAJA/COLA BLANCA_02/501612_COLA BLANCA_RÁPIDA BIBERÓN.jpg
501602,CEYS COLA BLANCA RAPIDA BIBERON 125G,8411519253023,24,"1,83","2,2",cola blanca,http://h2830758.stratoserver.net/DAM GENERAL/FOTOS BAJA/COLA BLANCA_02/501602_COLA BLANCA_RÁPIDA BIBERÓN.jpg
501603,CEYS COLA BLANCA RAPIDA BIBERON 250G,8411519253030,12,"2,68","3,25",cola blanca,http://h2830758.stratoserver.net/DAM GENERAL/FOTOS BAJA/COLA BLANCA_02/501603_COLA BLANCA_RÁPIDA BIBERÓN.jpg
501604,CEYS COLA BLANCA RAPIDA BIBERÓN 500G,8411519253047,12,"3,92","4,75",cola blanca,http://h2830758.stratoserver.net/DAM GENERAL/FOTOS BAJA/COLA BLANCA_02/501604_COLA BLANCA_RÁPIDA BIBERÓN.jpg
501605,CEYS COLA BLANCA RAPIDA BIBERON 750G,8411519253078,12,"5,08","6,15",cola blanca,http://h2830758.stratoserver.net/DAM GENERAL/FOTOS BAJA/COLA BLANCA_02/501605_COLA BLANCA_RAPIDA BIBERÓN.jpg
501618,CEYS COLA MADERA PROF BIBERON 250G,8411519716184,12,"3,48","4,2",cola blanca,http://h2830758.stratoserver.net/DAM GENERAL/FOTOS BAJA/COLA BLANCA_02/501618_COLA MADERA PROF 250g.jpg
501619,CEYS COLA MADERA PROF BIBERON 500G,8411519716191,12,"5,1","6,15",cola blanca,http://h2830758.stratoserver.net/DAM GENERAL/FOTOS BAJA/COLA BLANCA_02/501619_COLA MADERA PROF 500g.jpg
501617,CEYS COLA D4 POLIURETANO BIBERON 250G,8411519716177,12,"8,35","10,1",cola blanca,http://h2830758.stratoserver.net/DAM GENERAL/FOTOS BAJA/COLA BLANCA_02/501617_COLA BLANCA_PLOIURETANO D4 BIBERÓN.jpg
501702,CEYS COLA BLANCA MADERA BOTE 1/4 KG,8411519252033,24,"2,04","2,45",cola blanca,http://h2830758.stratoserver.net/DAM GENERAL/FOTOS BAJA/COLA BLANCA_02/501702_COLA BLANCA_MADERA BOTE.jpg
501703,CEYS COLA BLANCA MADERA BOTE 1/2 KG,8411519252019,12,"2,81","3,4",cola blanca,http://h2830758.stratoserver.net/DAM GENERAL/FOTOS BAJA/COLA BLANCA_02/501703_COLA BLANCA_MADERA BOTE.jpg
501704,CEYS COLA BLANCA MADERA BOTE 1KG,8411519252026,8,"4,86","5,85",cola blanca,http://h2830758.stratoserver.net/DAM GENERAL/FOTOS BAJA/COLA BLANCA_02/501704_COLA BLANCA_MADERA BOTE.jpg
501705,CEYS COLA BLANCA MADERA BOTE BA 5KG,8411519250244,1,"18,07","21,85",cola blanca,http://h2830758.stratoserver.net/DAM GENERAL/FOTOS BAJA/COLA BLANCA_02/501705_COLA BLANCA_MADERA BOTE BA.jpg
501706,CEYS COLA BLANCA MADERA BOTE BE 5KG,8411519252071,1,"18,81","22,75",cola blanca,http://h2830758.stratoserver.net/DAM GENERAL/FOTOS BAJA/COLA BLANCA_02/501706_COLA BLANCA_MADERA BOTE BE.jpg
501707,CEYS COLA BLANCA MADERA BOTE 25KG,8411519250251,1,"75,76","91,65",cola blanca,http://h2830758.stratoserver.net/DAM GENERAL/FOTOS BAJA/COLA BLANCA_02/501707_COLA BLANCA_MADERA BOTE.jpg
503401,CONTACTCEYS BLISTER 30ML,8411519230116,24,"1,41","1,7",cola de contacto,http://h2830758.stratoserver.net/DAM GENERAL/FOTOS BAJA/CONTACTCEYS_02/503401_CONTACTCEYS_USO GENERAL BLISTER PEQUEÑO.jpg
503402,CONTACTCEYS BLISTER 70ML,8411519230123,12,"2,25","2,75",cola de contacto,http://h2830758.stratoserver.net/DAM GENERAL/FOTOS BAJA/CONTACTCEYS_02/503402_CONTACTCEYS_USO GENERAL BLISTER GRANDE.jpg
503505,CONTACTCEYS SUPER RESISTENTE TUBO 170ML,8411519237054,12,"3,24","3,9",cola de contacto,http://h2830758.stratoserver.net/DAM GENERAL/FOTOS BAJA/CONTACTCEYS_02/503505_CONTACTCEYS_SUPER RESISTENTE ESTUCHE.jpg
503502,CONTACTCEYS SUPER RESISTENTE BOTE 1L,8411519237016,8,"8,09","9,8",cola de contacto,http://h2830758.stratoserver.net/DAM GENERAL/FOTOS BAJA/CONTACTCEYS_02/503502_CONTACTCEYS_SUPER RESISTENTE BOTE.jpg
503415,CONTACTCEYS SPRAY CONTROL 400ML,8411519734157,6,"10,99","13,3",cola de contacto,http://h2830758.stratoserver.net/DAM GENERAL/FOTOS BAJA/CONTACTCEYS_02/503415_CONTACTCEYS_USO GENERAL SPRAY CONTROL.jpg
503417,CONTACTCEYS PINCEL 250ML,8411519734126,6,"4,59","5,55",cola de contacto,http://h2830758.stratoserver.net/DAM GENERAL/FOTOS BAJA/CONTACTCEYS_02/503417_CONTACTCEYS_USO GENRAL BOTE PINCEL.jpg
503418,CONTACTCEYS PINCEL 500ML 6U,8411519734133,6,"6,38","7,7",cola de contacto,http://h2830758.stratoserver.net/DAM GENERAL/FOTOS BAJA/CONTACTCEYS_02/503418_CONTACTCEYS_USO GENERAL BOTE PINCEL.jpg
503404,CONTACTCEYS BOTE 125 ML,8411519232097,24,"1,84","2,2",cola de contacto,http://h2830758.stratoserver.net/DAM GENERAL/FOTOS BAJA/CONTACTCEYS_02/503404_CONTACTCEYS_USO GENERAL BOTE.jpg
503416,CONTACTCEYS BOTE 1/4L,8411519232011,12,"2,6","3,15",cola de contacto,http://h2830758.stratoserver.net/DAM GENERAL/FOTOS BAJA/CONTACTCEYS_02/503416_CONTACTCEYS_USO GENERAL BOTE.jpg
503406,CONTACTCEYS BOTE 1/2L,8411519232028,12,"4,4","5,3",cola de contacto,http://h2830758.stratoserver.net/DAM GENERAL/FOTOS BAJA/CONTACTCEYS_02/503406_CONTACTCEYS_USO GENRAL BOTE.jpg
503407,CONTACTCEYS BOTE 1L,8411519232035,8,"6,85","8,3",cola de contacto,http://h2830758.stratoserver.net/DAM GENERAL/FOTOS BAJA/CONTACTCEYS_02/503407_CONTACTCEYS BOTE 1l.jpg
503408,CONTACTCEYS BOTE BA 5L,8411519232042,1,"28,32","34,25",cola de contacto,http://h2830758.stratoserver.net/DAM GENERAL/FOTOS BAJA/CONTACTCEYS_02/503408_CONTACTCEYS_USO GENERAL BOTE BA.jpg
503409,CONTACTCEYS BOTE BE 5L,8411519232066,1,"28,32","34,25",cola de contacto,http://h2830758.stratoserver.net/DAM GENERAL/FOTOS BAJA/CONTACTCEYS_02/503409_CONTACTCEYS_USO GENRAL BOTE BE.jpg
503410,CONTACTCEYS BOTE 25L,8411519232059,1,"132,96","160,9",cola de contacto,http://h2830758.stratoserver.net/DAM GENERAL/FOTOS BAJA/CONTACTCEYS_02/503410_CONTACTCEYS_USO GENERAL BOTE_1.jpg
503601,CONTACTCEYS TRANSPARENTE BLISTER 30ML,8411519231038,24,"1,41","1,7",cola de contacto,http://h2830758.stratoserver.net/DAM GENERAL/FOTOS BAJA/CONTACTCEYS_02/503601_CONTACTCEYS_TRANSPARENTE BLISTER PEQUEÑO.jpg
503602,CONTACTCEYS TRANSPARENTE BLISTER 70ML,8411519231052,12,"2,25","2,75",cola de contacto,http://h2830758.stratoserver.net/DAM GENERAL/FOTOS BAJA/CONTACTCEYS_02/503602_CONTACTCEYS_TRANSPARENTE BLSITER GRANDE.jpg
503610,CONTACTCEYS TRANSPARENTE TUBO 170ML,8411519236071,12,"3,3",4,cola de contacto,http://h2830758.stratoserver.net/DAM GENERAL/FOTOS BAJA/CONTACTCEYS_02/503610_CONTACTCEYS_TRANSPARENTE ESTUCHE.jpg
503301,CONTACTCEYS POLIEST.EXPANDIDO TTE 1/2L,8411519556018,12,"4,81","5,85",cola de contacto,http://h2830758.stratoserver.net/DAM GENERAL/FOTOS BAJA/CONTACTCEYS_02/503301_CONTACTCEYS_POREX TRANSPARANTE BOTE.jpg
503302,CONTACTCEYS POLIEST.EXPANDIDO TTE 1L,8411519551013,8,"7,83","9,5",cola de contacto,http://h2830758.stratoserver.net/DAM GENERAL/FOTOS BAJA/CONTACTCEYS_02/503302_CONTACTCEYS_TRANSPARENTE BOTE.jpg
503420,CONTACTCEYS EPDM BOTE 1L,8411519734201,8,"8,43","10,2",cola de contacto,http://h2830758.stratoserver.net/DAM GENERAL/FOTOS BAJA/CONTACTCEYS_02/503420_CONTACTCEYS_ESPECIAL EPDM BOTE.jpg
503421,CONTACTCEYS EPDM BOTE 5L BA,8411519734218,1,"34,15","41,3",cola de contacto,http://h2830758.stratoserver.net/DAM GENERAL/FOTOS BAJA/CONTACTCEYS_02/503421_CONTACTCEYS_ESPECIAL EPDM BOTE BA.jpg
501027,PLASTICCEYS BLISTER 30ML 6U,8411519290011,6,"2,68","3,25",adhesivos especificos,http://h2830758.stratoserver.net/DAM GENERAL/FOTOS BAJA/ADHESIVOS ESPECIÍFICOS_02/501027_ESPECIFICOS_PLÁSTICOS RÍGIDOS BLISTER.jpg
501028,VINILCEYS BLISTER 15ML  6U,8411519280012,6,"2,87","3,5",adhesivos especificos,http://h2830758.stratoserver.net/DAM GENERAL/FOTOS BAJA/ADHESIVOS ESPECIÍFICOS_02/501028_ESPECÍFICOS_VINILOS BLISTER.jpg
504114,CEYS PLASTICOS DIFICILES ROTULADOR 6U,8411519741117,6,"7,28","8,8",adhesivos especificos,http://h2830758.stratoserver.net/DAM GENERAL/FOTOS BAJA/ADHESIVOS ESPECIÍFICOS_02/504114_ESPECÍFICOS_PLÁSTICOS DIFÍCILES BLISTER.jpg
501024,TEXTILCEYS BLISTER 30ML,8411519460018,12,"2,83","3,45",adhesivos especificos,http://h2830758.stratoserver.net/DAM GENERAL/FOTOS BAJA/ADHESIVOS ESPECIÍFICOS_02/501024_ESPECÍFICOS_TEJIDOS BLISTER.jpg
501106,CEYS CREMALLERA TEXTIL BLANCA BLISTER,8411519483017,12,"2,83","3,45",adhesivos especificos,http://h2830758.stratoserver.net/DAM GENERAL/FOTOS BAJA/ADHESIVOS ESPECIÍFICOS_02/501106_CREMALLERA TEXTIL BLANCA BLISTER.jpg
501108,CEYS CREMALLERA TEXTIL NEGRO,8411519483031,12,"2,83","3,45",adhesivos especificos,http://h2830758.stratoserver.net/DAM GENERAL/FOTOS BAJA/ADHESIVOS ESPECIÍFICOS_02/501108_ESPECÍFICOS_CREMALLERA TEXTIL NEGRA BLISTER.jpg
501031,CRISTALCEYS BLISTER 3GR. 6U,8411519370010,6,"4,76","5,75",adhesivos especificos,http://h2830758.stratoserver.net/DAM GENERAL/FOTOS BAJA/ADHESIVOS ESPECIÍFICOS_02/501031_ESPECÍFICOS_CRISTAL BLISTER.jpg
501030,POREXCEYS 70 ML 6U,8411519420012,6,"4,16","5,05",adhesivos especificos,http://h2830758.stratoserver.net/DAM GENERAL/FOTOS BAJA/ADHESIVOS ESPECIÍFICOS_02/501030_ESPECÍFICOS_PLIESTIRENO EXPANDIDO BLISTER.jpg
501029,CEYS ADH. TUBERIAS PVC BLISTER 70ML 6U,8411519540017,6,"3,83","4,65",adhesivos especificos,http://h2830758.stratoserver.net/DAM GENERAL/FOTOS BAJA/ADHESIVOS ESPECIÍFICOS_02/501029_ESPECIFICOS_ADHESIVO TUBERÍAS PVC BLISTER.jpg
501033,FIJATORNILLOS BLISTER 6GR. 6U,8411519340013,6,"4,46","5,4",adhesivos especificos,http://h2830758.stratoserver.net/DAM GENERAL/FOTOS BAJA/ADHESIVOS ESPECIÍFICOS_02/501033_ESPECÍFICOS_FIJATORNILLOS BLISTER.jpg
501020,CEYS RETROVISORES JERINGA,8411519510010,6,"4,24","5,15",adhesivos especificos,http://h2830758.stratoserver.net/DAM GENERAL/FOTOS BAJA/ADHESIVOS ESPECIÍFICOS_02/501020_ESPECÍFICOS_RETROVISORES JERINGA.jpg
501034,CEYS ESPECIAL ALTA TEMPERATURA 12ML 6uni,8411519710342,6,"6,13","7,4",adhesivos especificos,http://h2830758.stratoserver.net/DAM GENERAL/FOTOS BAJA/ADHESIVOS ESPECIÍFICOS_02/501034_ESPECIFICOS_ALTA TEMPERATURA BLISTER.jpg
507256,CEYS CESPED ARTIFICIAL CART 500GR,8411519772562,12,"6,25","7,55",adhesivos especificos,http://h2830758.stratoserver.net/DAM GENERAL/FOTOS BAJA/ADHESIVOS ESPECIÍFICOS_02/507256_ESPECIFICOS_CÉSPED ARTIFICIAL CART.jpg
501160,CEYS CESPED ARTIFICIAL BOTE 1KG,8411519711608,8,"9,59","11,6",adhesivos especificos,http://h2830758.stratoserver.net/DAM GENERAL/FOTOS BAJA/ADHESIVOS ESPECIÍFICOS_02/501160_ESPECÍFICOS_CÉSPED ARTIFICIAL BOTE.jpg
507258,CEYS CESPED ARTIFICIAL BOTE 4KG,8411519772586,1,"41,1","49,75",adhesivos especificos,http://h2830758.stratoserver.net/DAM GENERAL/FOTOS BAJA/ADHESIVOS ESPECIÍFICOS_02/507258_ESPECÍFICOS_CÉSPED ARTIFICIAL BOTE.jpg
507259,CEYS BANDA CESPED ARTIFICIAL 30CM*10M,8411519772593,6,"10,87","13,15",adhesivos especificos,http://h2830758.stratoserver.net/DAM GENERAL/FOTOS BAJA/ADHESIVOS ESPECIÍFICOS_02/507259_ESPECÍFICOS_BANDA CÉSPED ARTIFICAL.jpg
504601,"CEYS COLA PAPEL PINTADO ""LMP"" 125GR.",8411519570014,12,"3,5","4,25",adhesivos especificos,http://h2830758.stratoserver.net/DAM GENERAL/FOTOS BAJA/ADHESIVOS ESPECIÍFICOS_02/504601_ESPECIFICOS_PAPEL PINTADO LMP CAJA.jpg
504602,"CEYS COLA PAPEL PINTADO ""VTP"" 125GR.",8411519570021,12,"5,17","6,25",adhesivos especificos,http://h2830758.stratoserver.net/DAM GENERAL/FOTOS BAJA/ADHESIVOS ESPECIÍFICOS_02/504602_ESPECIFICOS_PAPEL PINTADO VTP CAJA.jpg
504603,Ceys Cola Papeles Pintados Universal 1kg,8411519746037,6,"6,97","8,45",adhesivos especificos,http://h2830758.stratoserver.net/DAM GENERAL/FOTOS BAJA/ADHESIVOS ESPECIÍFICOS_02/504603_ESPECIFICOS_UNIVERSAL BOTE.jpg
507003,CEYS BARRA BLANCA BLISTER 45/90 MM.,8411519415025,24,"4,69","5,65",adhesivos termofusibles,http://h2830758.stratoserver.net/DAM GENERAL/FOTOS BAJA/ADHESIVOS ESPECIÍFICOS_02/507003_TERMO_BLANCA 45-90 BLISTER.jpg
507004,CEYS BARRA BLANCA 180MM. 1/2 KG.,8411519412093,6,"9,79","11,85",adhesivos termofusibles,http://h2830758.stratoserver.net/DAM GENERAL/FOTOS BAJA/ADHESIVOS ESPECIÍFICOS_02/507004_TERMO_BLANCA 180 BOLSA.jpg
507001,CEYS MINI BARRAS  TRANSL. 50/100 BLISTER,8411519413038,24,"2,15","2,6",adhesivos termofusibles,http://h2830758.stratoserver.net/DAM GENERAL/FOTOS BAJA/ADHESIVOS ESPECIÍFICOS_02/507001_TERMO_MINI BARRAS TRANSLUCIDAS BLISTER.jpg
507010,CEYS BARRA TRANSLUCIDA 45/90 MM.,8411519415018,24,"4,69","5,65",adhesivos termofusibles,http://h2830758.stratoserver.net/DAM GENERAL/FOTOS BAJA/ADHESIVOS ESPECIÍFICOS_02/507010_TERMOTRANSLUCIDA 45-90 BLISTER.jpg
507012,CEYS BARRA TRANSLUCIDA 180MM 1/2 KG.,8411519412086,6,"9,79","11,85",adhesivos termofusibles,http://h2830758.stratoserver.net/DAM GENERAL/FOTOS BAJA/ADHESIVOS ESPECIÍFICOS_02/507012_TERMO_TRANSLUCIDA 180 BOLSA.jpg
507014,CEYS BARRA TRANSLUCIDA. 180MM. 1 KG.,8411519412062,1,"14,12","17,1",adhesivos termofusibles,http://h2830758.stratoserver.net/DAM GENERAL/FOTOS BAJA/ADHESIVOS ESPECIÍFICOS_02/507014_TERMO_TRANSLUCIDA 180 CAJA.jpg
507015,CEYS BARRA TRASLUCIDA.180 MM CAJA 10 KG.,8411519000009,1,"121,8","147,4",adhesivos termofusibles,http://h2830758.stratoserver.net/DAM GENERAL/FOTOS BAJA/ADHESIVOS ESPECIÍFICOS_02/507015_TERMO_TRANSLUCIDA 180 CAJA.jpg
507102,CEYS PISTOLA TERMOFUSIBLE MINI T-20,8411519413021,6,"13,11","15,85",adhesivos termofusibles,http://h2830758.stratoserver.net/DAM GENERAL/FOTOS BAJA/ADHESIVOS ESPECIÍFICOS_02/507102_TERMO_PISTOLA MINI T20.jpg
507103,CEYS PISTOLA TERMOFUSIBLE T-60,8411519771039,4,"15,4","18,65",adhesivos termofusibles,http://h2830758.stratoserver.net/DAM GENERAL/FOTOS BAJA/ADHESIVOS ESPECIÍFICOS_02/507103_TERMO_PISTOLA T60.jpg
507023,CEYS BARRA  MADERA-CARTON 180MM. 1 KG,8411519414103,1,"14,12","17,1",adhesivos termofusibles,http://h2830758.stratoserver.net/DAM GENERAL/FOTOS BAJA/ADHESIVOS ESPECIÍFICOS_02/507023_TERMO_MADERA CARTON 180 CAJA.jpg
507301,CEYS BRICOFÁCIL BRICO BLISTER 30ML,8411519240016,12,"2,17","2,65",adhesivos universales,http://h2830758.stratoserver.net/DAM GENERAL/FOTOS BAJA/ADHESIVOS UNIVERSALES_02/507301_ADH UNIVERSALES_BRICO BLISTER.jpg
507310,CEYS BRICOFACIL UNIVERSAL BLISTER 30ML,8411519240047,12,"2,17","2,65",adhesivos universales,http://h2830758.stratoserver.net/DAM GENERAL/FOTOS BAJA/ADHESIVOS UNIVERSALES_02/507310_ADH UNIVERSAL BLISTER.jpg
507204,FIJACEYS TRANSPARENTE BLISTER 20 ML,8411519110074,12,"2,54","3,05",adhesivos universales,http://h2830758.stratoserver.net/DAM GENERAL/FOTOS BAJA/ADHESIVOS UNIVERSALES_02/507204_ADH UNIVERSAL_PEGATODO TRANSPARENTE PEQUEÑO.jpg
507206,FIJACEYS TRANSPARENTE  BLISTER 100 ML.,8411519110081,12,"4,92","5,95",adhesivos universales,http://h2830758.stratoserver.net/DAM GENERAL/FOTOS BAJA/ADHESIVOS UNIVERSALES_02/507206_ADH UNIVERSALES_PEGATODO TRANSPARENTE GRANDE.jpg
507305,CEYS BRICOFACIL BARRA ADHESIVA STICK BLI,8411519390025,12,"3,01","3,65",adhesivos universales,http://h2830758.stratoserver.net/DAM GENERAL/FOTOS BAJA/ADHESIVOS UNIVERSALES_02/507305_ADH UNIVERSALES_BARRA ADHESIVA STICK BLISTER.jpg
501701,CEYS BRICOFÁCIL COLA BLANCA RÁPIDA 50GR,8411519251029,12,"1,8","2,15",adhesivos universales,http://h2830758.stratoserver.net/DAM GENERAL/FOTOS BAJA/ADHESIVOS UNIVERSALES_02/501701_ADH UNIVERSALES_COLA BLANCA RÁPIDA.jpg
500801,CEYS BRICOFÁCIL ADHESIVO 2 CARAS,8411519482010,12,"2,45","2,95",adhesivos universales,http://h2830758.stratoserver.net/DAM GENERAL/FOTOS BAJA/ADHESIVOS UNIVERSALES_02/500801_ADH UNIVERSALES_ADHESIVO 2 CARAS.jpg
507304,CEYS BRICOFÁCIL PEGA Y DESPEGA MASILLA,8411519773040,12,"2,68","3,25",adhesivos universales,http://h2830758.stratoserver.net/DAM GENERAL/FOTOS BAJA/ADHESIVOS UNIVERSALES_02/507304_ADH UNIVERSAL_PEGA Y DESPEGA MASILLA.jpg
507264,CEYS MONTACK A.T. INMEDIATO BLISTER 100G,8411519772364,12,"4,42","5,35",adhesivos de montaje,http://h2830758.stratoserver.net/DAM GENERAL/Montack___PRIMERA PRUEBA COMPLETA/02/507264_507410_MONTACK AGT INMEDIATO BLISTER.jpg
507252,CEYS MONTACK A.T. INMEDIATO TUBO 190G,8411519772524,12,"5,11","6,2",adhesivos de montaje,http://h2830758.stratoserver.net/DAM GENERAL/Montack___PRIMERA PRUEBA COMPLETA/02/507252_507420_MONTACK AGT INMEDIATO TUBO190.jpg
507241,CEYS MONTACK A.T. INMEDIATO TUBO 260G,8411519772418,12,"6,89","8,35",adhesivos de montaje,http://h2830758.stratoserver.net/DAM GENERAL/Montack___PRIMERA PRUEBA COMPLETA/02/507241_507425_MONTACK AGT INMEDIATO TUBO260.jpg
507263,CEYS MONTACK A.T. INMEDIATO CARTUCHO 450G,8411519772340,15,"7,04","8,5",adhesivos de montaje,http://h2830758.stratoserver.net/DAM GENERAL/Montack___PRIMERA PRUEBA COMPLETA/02/507263_507430_MONTACK AGT INMEDIATO CARTUCHO.jpg
507262,CEYS MONTACK A.T. INVISIBLE BLISTER 80G,8411519772272,12,"4,42","5,35",adhesivos de montaje,http://h2830758.stratoserver.net/DAM GENERAL/Montack___PRIMERA PRUEBA COMPLETA/02/507262_507450_MONTACK AGT INVISIBLE BLISTER.jpg
507275,CEYS MONTACK A.T. INVISIBLE TUBO 135GR,8411519772753,12,"5,11","6,2",adhesivos de montaje,http://h2830758.stratoserver.net/DAM GENERAL/Montack___PRIMERA PRUEBA COMPLETA/02/507275_MONTACK AGT INVISIBLE TUBO135.jpg
507261,CEYS MONTACK A.T. INVISIBLE CARTUCHO 315G,8411519772241,15,"7,04","8,5",adhesivos de montaje,http://h2830758.stratoserver.net/DAM GENERAL/Montack___PRIMERA PRUEBA COMPLETA/02/507261_507470_MONTACK AGT INVISIBLE CARTUCHO.jpg
507240,CEYS MONTACK A.T. INMEDIATO CINTA BLISTER,8411519772401,12,"7,02","8,5",adhesivos de montaje,http://h2830758.stratoserver.net/DAM GENERAL/Montack___PRIMERA PRUEBA COMPLETA/02/507240_MONTACK CINTA BLISTER.jpg
507207,CEYS MONTACK A.T. INMEDIATO CINTA PRECORTADA,8411519709933,12,"3,51","4,25",adhesivos de montaje,http://h2830758.stratoserver.net/DAM GENERAL/Montack___PRIMERA PRUEBA COMPLETA/02/507207_MONTACK CINTA PRECORTADA.jpg
507218,CEYS MONTACK A.T. INMEDIATO CINTA ESPECIAL LEDS,8411519772180,12,"9,57","11,6",adhesivos de montaje,http://h2830758.stratoserver.net/DAM GENERAL/Montack___PRIMERA PRUEBA COMPLETA/02/507218_MONTACK CINTA LED.jpg
507400,CEYS MONTACK A.T. REMOVIBLE BLISTER 20G,8411519774009,12,"3,68","4,45",adhesivos de montaje,http://h2830758.stratoserver.net/DAM GENERAL/Montack___PRIMERA PRUEBA COMPLETA/02/507400_MONTACK AGT REMOVIBLE20.jpg
507250,CEYS MONTACK A.T. REMOVIBLE BLISTER 50G,8411519772500,12,"4,9","5,95",adhesivos de montaje,http://h2830758.stratoserver.net/DAM GENERAL/Montack___PRIMERA PRUEBA COMPLETA/02/507250_MONTACK AGT REMOVIBLE50.jpg
507440,CEYS MONTACK AT HIGH TACK CARTUCHO 450g,8411519774405,15,"8,78","10,6",adhesivos de montaje,http://h2830758.stratoserver.net/DAM GENERAL/FOTOS BAJA/MONTACK_02/507440_MONTACK AGT HGTK CART_CANULA_SIN.jpg
507213,CEYS MONTACK PROFESIONAL BLISTER 100ML,8411519110173,12,4,"4,85",adhesivos de montaje,http://h2830758.stratoserver.net/DAM GENERAL/FOTOS BAJA/MONTACK_02/507213_MONTACK AGT PROFESIONAL BLISTER.jpg
507211,CEYS MONTACK PROFESIONAL CARTUCHO 300ML,8411519110166,15,"6,07","7,35",adhesivos de montaje,http://h2830758.stratoserver.net/DAM GENERAL/FOTOS BAJA/MONTACK_02/507211_MONTACK AGT PROFESIONAL CARTUCHO.jpg
510106,ARALDIT STANDARD BLISTER PEQUEÑO 5+5ML,8411519010138,6,"4,96",6,araldite,http://h2830758.stratoserver.net/DAM GENERAL/FOTOS BAJA/ARALDITE_02/510106_ARALDITE_STANDARD PEQUEÑO.jpg
510107,ARALDIT STANDARD BLISTER GRANDE 15+15ML,8411519010121,6,"8,1","9,8",araldite,http://h2830758.stratoserver.net/DAM GENERAL/FOTOS BAJA/ARALDITE_02/510107_ARALDITE_STANDARD GRANDE.jpg
510104,ARALDIT STANDARD PROFESIONAL BL 75+75ML,8411519010145,12,"21,96","26,55",araldite,http://h2830758.stratoserver.net/DAM GENERAL/FOTOS BAJA/ARALDITE_02/510104_ARALDITE STANDARD 2x75ml.jpg
510105,ARALDIT STANDARD JERINGA BLISTER 24ML,8411519011050,12,8,"9,7",araldite,http://h2830758.stratoserver.net/DAM GENERAL/FOTOS BAJA/ARALDITE_02/510105_ARALDITE_STANDARD JERINGA.jpg
510502,ARALDIT STANDARD CONJ INDUSTRIAL GR 1+1L,8411519023022,1,"159,28","192,75",araldite,http://h2830758.stratoserver.net/DAM GENERAL/FOTOS BAJA/ARALDITE_02/510502_ARALDIT BOTES 1000.jpg
510206,ARALDIT RAPIDO PEQUEÑO BLISTER 5+5ML,8411519010237,6,"5,54","6,7",araldite,http://h2830758.stratoserver.net/DAM GENERAL/FOTOS BAJA/ARALDITE_02/510206_ARALDITE_RAPIDO PEQUEÑO.jpg
510207,ARALDIT RAPIDO GRANDE BLISTER 15+15ML,8411519010220,6,"8,86","10,7",araldite,http://h2830758.stratoserver.net/DAM GENERAL/FOTOS BAJA/ARALDITE_02/510207_ARALDITE_RAPIDO GRANDE.jpg
510204,ARALDIT RAPIDO PROFESIONAL BL 75+75ML,8411519010244,12,"28,17","34,1",araldite,http://h2830758.stratoserver.net/DAM GENERAL/FOTOS BAJA/ARALDITE_02/510204_ARALDITE_RAPIDO PROFESIONAL.jpg
510205,ARALDIT RAPIDO JERINGA BLISTER 24ML,8411519010268,12,"8,86","10,7",araldite,http://h2830758.stratoserver.net/DAM GENERAL/FOTOS BAJA/ARALDITE_02/510205_ARALDITE_RAPIDO JERINGA.jpg
510401,ARALDIT RAPIDO 90 SEGUNDOS JERINGA 24ML,8411519012224,12,"9,98","12,1",araldite,http://h2830758.stratoserver.net/DAM GENERAL/FOTOS BAJA/ARALDITE_02/510401_ARALDITE_RAPIDO 90 SEGUNDO JERINGA.jpg
510403,ARALDIT FUSION JERINGA BLISTER 3 G,8411519704037,12,"6,26","7,6",araldite,http://h2830758.stratoserver.net/DAM GENERAL/FOTOS BAJA/ARALDITE_02/510403_ARALDITE_FUSION JERINGA.jpg
510402,ARALDIT CRISTAL JERINGA TRANSPARENT 24ML,8411519011098,12,"9,47","11,45",araldite,http://h2830758.stratoserver.net/DAM GENERAL/FOTOS BAJA/ARALDITE_02/510402_ARALDITE_CRISTAL JERINGA.jpg
510351,ARALDIT ESPECIAL METALES 8080 BL 47G,8411519014136,6,"8,4","10,15",araldite,http://h2830758.stratoserver.net/DAM GENERAL/FOTOS BAJA/ARALDITE_02/510351_ARALDITE_ESPECAL METALES.jpg
900201,CEYS PVC PRESION TUBO 125ML,8429243010003,12,"2,02","2,45",adhesivos de pvc,http://h2830758.stratoserver.net/DAM GENERAL/FOTOS BAJA/PVC_02/900201_PVC_PRESION TUBO.jpg
900209,CEYS PVC PRESION TAPON PINCEL 250ML,8429243010317,12,"4,85","5,85",adhesivos de pvc,http://h2830758.stratoserver.net/DAM GENERAL/FOTOS BAJA/PVC_02/900209_PVC_PRESIÓN PINCEL PEQUEÑO.jpg
900210,CEYS PVC PRESION TAPON PINCEL 500ML,8429243010324,12,"8,09","9,8",adhesivos de pvc,http://h2830758.stratoserver.net/DAM GENERAL/FOTOS BAJA/PVC_02/900210_PVC_PRESIÓN PINCEL MEDIO.jpg
900211,CEYS PVC PRESION TAPON PINCEL 1000ML,8429243010331,6,"13,07","15,8",adhesivos de pvc,http://h2830758.stratoserver.net/DAM GENERAL/FOTOS BAJA/PVC_02/900211_PVC_PRESION PINCEL GRANDE.jpg
900301,CEYS PVC TIXOTROPICO TUBO 125ML,8429243020002,12,"2,16","2,6",adhesivos de pvc,http://h2830758.stratoserver.net/DAM GENERAL/FOTOS BAJA/PVC_02/900301_PVC_TIXO TUBO.jpg
900309,CEYS PVC TIXO TAPON PINCEL 250ML,8429243020316,12,"5,19","6,3",adhesivos de pvc,http://h2830758.stratoserver.net/DAM GENERAL/FOTOS BAJA/PVC_02/900309_PVC_TIXO PINCEL PEQUEÑO.jpg
900310,CEYS PVC TIXO TAPON PINCEL 500ML,8429243020323,12,"8,95","10,85",adhesivos de pvc,http://h2830758.stratoserver.net/DAM GENERAL/FOTOS BAJA/PVC_02/900310_PVC_TIXO PINCEL MEDIO.jpg
900311,CEYS PVC TIXO TAPON PINCEL 1000ML,8429243020330,6,"14,13","17,1",adhesivos de pvc,http://h2830758.stratoserver.net/DAM GENERAL/FOTOS BAJA/PVC_02/900311_PVC_TIXO PINCEL GRANDE.jpg
900101,CEYS PVC SANEAMIENTO TUBO 125ML,8429243030001,12,"1,73","2,1",adhesivos de pvc,http://h2830758.stratoserver.net/DAM GENERAL/FOTOS BAJA/PVC_02/900101_PVC_SANEAMIENTO TUBO.jpg
900109,CEYS PVC SANEAM. TAPON PINCEL 250ML,8429243030315,12,"4,56","5,5",adhesivos de pvc,http://h2830758.stratoserver.net/DAM GENERAL/FOTOS BAJA/PVC_02/900109_PVC_SANEAMIENTO PINCEL PEQUEÑO.jpg
900110,CEYS PVC SANEAM. TAPON PINCEL 500ML,8429243030322,12,"7,52","9,1",adhesivos de pvc,http://h2830758.stratoserver.net/DAM GENERAL/FOTOS BAJA/PVC_02/900110_PVC-SANEAMIENTO_PINCEL MEDIO.jpg
900111,CEYS PVC SANEAM. TAPON PINCEL 1000ML,8429243030339,6,"11,31","13,7",adhesivos de pvc,http://h2830758.stratoserver.net/DAM GENERAL/FOTOS BAJA/PVC_02/900111_PVC_SANEAMIENTO PINCEL GRANDE.jpg
900001,CEYS DISOLVENTE LIMPIADOR BOTE 250ML,8429243040017,12,"3,17","3,85",adhesivos de pvc,http://h2830758.stratoserver.net/DAM GENERAL/FOTOS BAJA/PVC_02/900001_PVC_DISOLVENTE LIMPIADOR PEQUEÑO.jpg
900002,CEYS DISOLVENTE LIMPIADOR BOTE 500ML,8429243040024,12,"4,32","5,2",adhesivos de pvc,http://h2830758.stratoserver.net/DAM GENERAL/FOTOS BAJA/PVC_02/900002_PVC_DISOLVENTE LIMPIADOR MEDIO.jpg
900004,CEYS DISOLVENTE LIMPIADOR BOTE 1000ML,8429243040031,6,"6,96","8,4",adhesivos de pvc,http://h2830758.stratoserver.net/DAM GENERAL/FOTOS BAJA/PVC_02/900004_PVC_DISOLVENTE LIMPIADOR GRANDE.jpg
507228,CEYS TRI'ACTION BLISTER 10G 12U,8411519772289,12,"3,6","4,35",adhesivos selladores,http://h2830758.stratoserver.net/DAM GENERAL/FOTOS BAJA/TOTALTECH_02/507228_TOTALTECH_TRIACTION 10g.jpg
507219,CEYS TRI'ACTION BLISTER 20G,8411519772197,12,"5,62","6,8",adhesivos selladores,http://h2830758.stratoserver.net/DAM GENERAL/FOTOS BAJA/TOTALTECH_02/507219_TOTALTECH_TRIACTION 20g.jpg
507267,CEYS TRI'ACTION LÍQUIDO 75 G BLÍSTER,8411519772678,8,"6,53","7,9",adhesivos selladores,http://h2830758.stratoserver.net/DAM GENERAL/FOTOS BAJA/TOTALTECH_02/507267_TOTALTECH_TRIACTION LIQUIDO 75g.jpg
507232,CEYS TOTAL TECH BLANCO TUBO 125ML,8411519772326,12,"5,46","6,6",adhesivos selladores,http://h2830758.stratoserver.net/DAM GENERAL/FOTOS BAJA/TOTALTECH_02/507232_TOTALTECH_TUBO BLANCO.jpg
507242,CEYS TOTAL TECH TRANSPARENTE TUBO 125ML,8411519772425,12,"5,6","6,8",adhesivos selladores,http://h2830758.stratoserver.net/DAM GENERAL/FOTOS BAJA/TOTALTECH_02/507242_TOTALTECH_TUBO TRANSPARENTE.jpg
507216,CEYS TOTAL TECH BLANCO CARTUCHO 290ML,8411519772166,12,"7,63","9,25",adhesivos selladores,http://h2830758.stratoserver.net/DAM GENERAL/FOTOS BAJA/TOTALTECH_02/507216_TOTALTECH_CARTUCHO BLANCO.jpg
507226,CEYS TOTAL TECH TRANSPARENTE CART. 290ML,8411519772265,12,"7,91","9,55",adhesivos selladores,http://h2830758.stratoserver.net/DAM GENERAL/FOTOS BAJA/TOTALTECH_02/507226_TOTALTECH_CARTUCHO TRANSPARENTE.jpg
507220,CEYS TOTAL TECH GRIS CARTUCHO 290ML,8411519772203,12,"7,63","9,25",adhesivos selladores,http://h2830758.stratoserver.net/DAM GENERAL/FOTOS BAJA/TOTALTECH_02/507220_TOTALTECH_CARTUCHO GRIS.jpg
507221,CEYS TOTAL TECH NEGRO CARTUCHO 290ML,8411519772210,12,"7,63","9,25",adhesivos selladores,http://h2830758.stratoserver.net/DAM GENERAL/FOTOS BAJA/TOTALTECH_02/507221_TOTALTECH_CARTUCHO NEGRO.jpg
507222,CEYS TOTAL TECH MARRON CARTUCHO 290ML,8411519772227,12,"7,63","9,25",adhesivos selladores,http://h2830758.stratoserver.net/DAM GENERAL/FOTOS BAJA/TOTALTECH_02/507222_TOTALTECH_CARTUCHO MARRON.jpg
507223,CEYS TOTAL TECH TERRACOTA CART 290ml,8411519772234,12,"7,63","9,25",adhesivos selladores,http://h2830758.stratoserver.net/DAM GENERAL/FOTOS BAJA/TOTALTECH_02/507124_TOTALTECH_CARTUCHO TERRACOTA.jpg
507125,CEYS TOTAL TECH AZUL CARTUCHO 290ML,8411519771251,12,"7,63","9,25",adhesivos selladores,http://h2830758.stratoserver.net/DAM GENERAL/FOTOS BAJA/TOTALTECH_02/507125_TOTALTECH_CARTUCHO AZUL.jpg
507124,CEYS TOTAL TECH BEIGE CARTUCHO 290ML,8411519771244,12,"7,63","9,25",adhesivos selladores,http://h2830758.stratoserver.net/DAM GENERAL/FOTOS BAJA/TOTALTECH_02/507124_TOTALTECH_CARTUCHO BEIGE.jpg
507126,CEYS TOTAL TECH PLATA CART. 290ML,8411519771268,12,"7,91","9,55",adhesivos selladores,http://h2830758.stratoserver.net/DAM GENERAL/FOTOS BAJA/TOTALTECH_02/507126_TOTALTECH_CARTUCHO PLATA.jpg
505583,CEYS SILICONA STOP MOHO BLANCO 50ML,8411519755831,12,"2,73","3,3",selladores cocinas y baños,http://h2830758.stratoserver.net/DAM GENERAL/FOTOS BAJA/SELLADORES_02/505583_STOPMOHO BLISTER BLANCO.jpg
505584,CEYS SILICONA STOP MOHO TRANSL 50ML,8411519755848,12,"2,73","3,3",selladores cocinas y baños,http://h2830758.stratoserver.net/DAM GENERAL/FOTOS BAJA/SELLADORES_02/505584_STOPMOHO BLISTER TRANSLÚCIDO.jpg
505683,CEYS STOP MOHO EASY,8411519756838,12,"4,09","4,95",selladores cocinas y baños,http://h2830758.stratoserver.net/DAM GENERAL/FOTOS BAJA/SELLADORES_02/505683_STOPMOHO EASY 70ml.jpg
505568,CEYS STOP MOHO SECADO XPRESS 125ML BLANC,8411519755664,12,"4,47","5,4",selladores cocinas y baños,http://h2830758.stratoserver.net/DAM GENERAL/FOTOS BAJA/SELLADORES_02/505568_STOPMOHO TUBO BLANCO.jpg
505573,CEYS STOP MOHO SECADO XPRESS 125ML TRANS,8411519755732,12,"4,47","5,4",selladores cocinas y baños,http://h2830758.stratoserver.net/DAM GENERAL/FOTOS BAJA/SELLADORES_02/505573_STOPMOHO TUBO TRANSLÚCIDO.jpg
505540,CEYS STOP MOHO SECADO XPRESS CART BLANCO,8411519755398,15,"5,17","6,25",selladores cocinas y baños,http://h2830758.stratoserver.net/DAM GENERAL/FOTOS BAJA/SELLADORES_02/505540_STOPMOHO CARTUCHO BLANCO.jpg
505546,CEYS STOP MOHO SECADO XPRESS CART TRANSL,8411519755466,15,"5,17","6,25",selladores cocinas y baños,http://h2830758.stratoserver.net/DAM GENERAL/FOTOS BAJA/SELLADORES_02/505546_STOPMOHO CARTUCHO TRANSLÚCIDO.jpg
505641,STOP MOHO CARTUCHO CREMA,8411519756401,8,"5,21","6,3",selladores cocinas y baños,http://h2830758.stratoserver.net/DAM GENERAL/FOTOS BAJA/SELLADORES_02/505641_STOPMOHO CARTUCHO CREMA.jpg
505647,STOP MOHO CARTUCHO ANTRACITA,8411519756463,8,"5,21","6,3",selladores cocinas y baños,http://h2830758.stratoserver.net/DAM GENERAL/FOTOS BAJA/SELLADORES_02/505647_STOPMOHO CARTUCHO ANTRACITA.jpg
505556,SELLACEYS SECADO XPRESS BYC BLANCO 125ML,8411519755565,12,"4,08","4,95",selladores cocinas y baños,http://h2830758.stratoserver.net/DAM GENERAL/FOTOS BAJA/SELLADORES_02/505556_SECADO XPRESS TUBO BLANCO.jpg
505557,SELLACEYS SECADO XPRESS BYC TRANS 125 ML,8411519755572,12,"4,08","4,95",selladores cocinas y baños,http://h2830758.stratoserver.net/DAM GENERAL/FOTOS BAJA/SELLADORES_02/505557_SECADO XPRESS TUBO TRANSLÚCIDO.jpg
505537,SELLACEYS SECADO XPRESS BYC BLAN.CAR.,8411519755374,15,"4,72","5,7",selladores cocinas y baños,http://h2830758.stratoserver.net/DAM GENERAL/FOTOS BAJA/SELLADORES_02/505537_SECADO XPRESS CARTUCHO BLANCO.jpg
505538,SELLACEYS SECADO XPRESS BYC TRANSL CART.,8411519755381,15,"4,72","5,7",selladores cocinas y baños,http://h2830758.stratoserver.net/DAM GENERAL/FOTOS BAJA/SELLADORES_02/505538_SECADO XPRESS CARTUCHO TRANSLÚCIDO.jpg
505530,SELLACEYS COCINAS/BAÑOS BLANCO CARTUCHO,8411519225013,15,"3,84","4,65",selladores cocinas y baños,http://h2830758.stratoserver.net/DAM GENERAL/FOTOS BAJA/SELLADORES_02/505530_TRI PROTECT CARTUCHO BLANCO.jpg
505531,SELLACEYS COCINAS/BAÑOS TRANSL. CARTUCHO,8411519225020,15,"3,84","4,65",selladores cocinas y baños,http://h2830758.stratoserver.net/DAM GENERAL/FOTOS BAJA/SELLADORES_02/505531_TRI PROTECT CARTUCHO TRANSLÚCIDO.jpg
505706,SELLACEYS SELLADOR COC/BAÑ BLANCO 135ML,8411519220018,12,"3,08","3,75",selladores cocinas y baños,http://h2830758.stratoserver.net/DAM GENERAL/FOTOS BAJA/SELLADORES_02/505706_SELLADOR CARTUCHO BLANCO.jpg
505707,SELLACEYS SELLADOR COC/BAÑ TRANSL. 135ML,8411519220032,12,"3,08","3,75",selladores cocinas y baños,http://h2830758.stratoserver.net/DAM GENERAL/FOTOS BAJA/SELLADORES_02/505707_SELLADOR TUBO TRANSLÚCIDO.jpg
505701,SELLACEYS SELLADOR COC/BAÑ BLCO CARTUCHO,8411519220025,25,"3,76","4,55",selladores cocinas y baños,http://h2830758.stratoserver.net/DAM GENERAL/FOTOS BAJA/SELLADORES_02/505701_SELLADOR CARTUCHO BLANCO.jpg
505702,SELLACEYS SELLADOR COC/BAÑ TRANSP CARTCH,8411519220049,25,"3,76","4,55",selladores cocinas y baños,http://h2830758.stratoserver.net/DAM GENERAL/FOTOS BAJA/SELLADORES_02/505702_SELLADOR CARTUCHO TRANSLUCIDO.jpg
505612,CEYS TOP JUNTAS BAÑOS Y AZU BLNCO 125ML,8411519756128,12,"4,47","5,4",selladores cocinas y baños,http://h2830758.stratoserver.net/DAM GENERAL/FOTOS BAJA/SELLADORES_02/505612_JUNTAS SANITARIOS TUBO BLANCO.jpg
505611,CEYS TOP JUNTAS BAÑOS Y AZULEJOS 290ML,8411519756111,15,"5,17","6,25",selladores cocinas y baños,http://h2830758.stratoserver.net/DAM GENERAL/FOTOS BAJA/SELLADORES_02/505611_JUNTAS SANITARIOS CARTUCHO BLANCO.jpg
505570,SELLACEYS HOGAR CINTA,8411519755701,12,"8,97","10,85",selladores cocinas y baños,http://h2830758.stratoserver.net/DAM GENERAL/FOTOS BAJA/SELLADORES_02/505570_CINTA SELLADORA.jpg
505588,CEYS SELLATODO BLANCO BLISTER 50ML,8411519755886,12,"2,74","3,3",selladores multiusos,http://h2830758.stratoserver.net/DAM GENERAL/FOTOS BAJA/SELLADORES_02/505588_SELLATODO_BLISTER BLANCO.jpg
505589,CEYS SELLATODO TRANS BLISTER 50ML,8411519755893,12,"2,74","3,3",selladores multiusos,http://h2830758.stratoserver.net/DAM GENERAL/FOTOS BAJA/SELLADORES_02/505589_SELLATODO_BLÍSTER TRANSLÚCIDO.jpg
505558,CEYS SILICONA SELLATODO BLANCO TUBO 125,8411519755589,12,"4,1","4,95",selladores multiusos,http://h2830758.stratoserver.net/DAM GENERAL/FOTOS BAJA/SELLADORES_02/505558_SELLATODO TUBO BLANCO.jpg
505559,CEYS SILICONA SELLATODO TRANSL TUBO 125,8411519755596,12,"4,1","4,95",selladores multiusos,http://h2830758.stratoserver.net/DAM GENERAL/FOTOS BAJA/SELLADORES_02/505559_SELLATODO_TUBO TRANSLÚCIDO.jpg
505528,CEYS SILICONA SELLATODO BLANCO CART 280,8411519755282,15,"4,88","5,9",selladores multiusos,http://h2830758.stratoserver.net/DAM GENERAL/FOTOS BAJA/SELLADORES_02/505528_SELLATODO_CARTUCHO BLANCO.jpg
505529,CEYS SILICONA SELLATODO TRANSL CART 280,8411519755299,15,"4,88","5,9",selladores multiusos,http://h2830758.stratoserver.net/DAM GENERAL/FOTOS BAJA/SELLADORES_02/505529_SELLATODO_CARTUCHO TRANSLÚCIDO.psd
505628,CEYS SILICONA SELLATODO GRIS CART 280,8411519756289,15,"4,88","5,9",selladores multiusos,http://h2830758.stratoserver.net/DAM GENERAL/FOTOS BAJA/SELLADORES_02/505628_SELLATODO_CARTUCHO GRIS.jpg
505629,CEYS SILICONA SELLATODO NEGRO CART 280,8411519756296,15,"4,88","5,9",selladores multiusos,http://h2830758.stratoserver.net/DAM GENERAL/FOTOS BAJA/SELLADORES_02/505629_SELLATODO_CARTUCHO NEGRO.jpg
505501,SELLACEYS TRANSLUCIDO BLISTER 50ML,8411519220117,24,"2,08","2,5",selladores multiusos,http://h2830758.stratoserver.net/DAM GENERAL/FOTOS BAJA/SELLADORES_02/505501_MULTIUSOS UNIVERSAL TRANLUCIDO BLISTER PEQUEÑO.jpg
505502,SELLACEYS BLANCO BLISTER 50ML,8411519220216,24,"2,08","2,5",selladores multiusos,http://h2830758.stratoserver.net/DAM GENERAL/FOTOS BAJA/SELLADORES_02/505502_MULTIUSOS UNIVERSAL_ BLANCO BLISTER PEQUEÑO.jpg
505503,SELLACEYS TRANSLUCIDO BLISTER 100 ML.,8411519221053,12,"2,93","3,55",selladores multiusos,http://h2830758.stratoserver.net/DAM GENERAL/FOTOS BAJA/SELLADORES_02/505503MULTIUSOS UNIVERSAL_TRANSLÚCIDO BLISTER GRANDE.jpg
505504,SELLACEYS BLANCO BLISTER 100 ML.,8411519221060,12,"2,93","3,55",selladores multiusos,http://h2830758.stratoserver.net/DAM GENERAL/FOTOS BAJA/SELLADORES_02/505504_SELLADOR UNIVERSAL_BLANCO BLISTER GRANDE.jpg
506225,SELLACEYS UNIVERSAL TRANSLUCIDO CARTUCHO,8411519212259,25,"3,39","4,1",selladores multiusos,http://h2830758.stratoserver.net/DAM GENERAL/FOTOS BAJA/SELLADORES_02/506225_UNIVERSAL CARTUCHO TRANSLÚCIDO.jpg
506226,SELLACEYS UNIVERSAL BLANCO CARTUCHO,8411519212266,25,"3,39","4,1",selladores multiusos,http://h2830758.stratoserver.net/DAM GENERAL/FOTOS BAJA/SELLADORES_02/506226_UNIVERSAL CARTUCHO BLANCO.jpg
506247,SELLACEYS UNIVERSAL NEGRO CARTUCHO,8411519212273,8,"3,44","4,15",selladores multiusos,http://h2830758.stratoserver.net/DAM GENERAL/FOTOS BAJA/SELLADORES_02/506227_UNIVERSAL CARTUCHO NEGRO.jpg
506248,SELLACEYS UNIVERSAL ALUMINIO CARTUCHO,8411519212280,8,"3,44","4,15",selladores multiusos,http://h2830758.stratoserver.net/DAM GENERAL/FOTOS BAJA/SELLADORES_02/506228_UNIVERSAL CARTUCHO ALUMINIO.jpg
506249,SELLACEYS UNIVERSAL BRONCE CARTUCHO,8411519212297,8,"3,44","4,15",selladores multiusos,http://h2830758.stratoserver.net/DAM GENERAL/FOTOS BAJA/SELLADORES_02/506229_UNIVERSAL CARTUCHO BRONCE.jpg
506250,SELLACEYS UNIVERSAL GRIS CARTUHO,8411519212303,8,"3,44","4,15",selladores multiusos,http://h2830758.stratoserver.net/DAM GENERAL/FOTOS BAJA/SELLADORES_02/506230_UNIVERSAL CARTUCHO GRIS.jpg
505902,CEYS SELLAPLUS BLANCO CARTUCHO,8411519222111,25,"5,92","7,15",selladores multiusos,http://h2830758.stratoserver.net/DAM GENERAL/FOTOS BAJA/SELLADORES_02/505902_0- DISOLVENTE CARTUCHO BLANCO.jpg
505604,SELLACEYS JUNTAS GRIETAS TUBO BLANCO 125ML,8411519756043,12,"3,05","3,7",selladores especificos,http://h2830758.stratoserver.net/DAM GENERAL/FOTOS BAJA/SELLADORES_02/505604_JUTNAS GRIETAS TUBO BLANCO.jpg
505602,SELLACEYS JUNTAS GRIETAS BLANCO CARTUCHO,8411519225082,15,"2,13","2,6",selladores especificos,http://h2830758.stratoserver.net/DAM GENERAL/FOTOS BAJA/SELLADORES_02/505602_JUNTAS GRIETAS CARTUCHO BLANCO.jpg
505601,SELLACEYS JUNTAS GRIETAS GRIS CARTUCHO,8411519225075,15,"2,13","2,6",selladores especificos,http://h2830758.stratoserver.net/DAM GENERAL/FOTOS BAJA/SELLADORES_02/505601_JUNTAS GRIETAS CARTUCHOS GRIS.jpg
505608,SELLACEYS JUNTAS GRIETAS FLEX BLANCO CARTUCHO ,8411519756081,15,"3,48","4,2",selladores especificos,http://h2830758.stratoserver.net/DAM GENERAL/FOTOS BAJA/SELLADORES_02/505608_JUNTAS GRIETAS FLEX CARTUCHO BLANCO.jpg
505733,SELLACEYS SELLADOR MADERA ROBLE 125ML,8411519220094,6,"3,29",4,selladores especificos,http://h2830758.stratoserver.net/DAM GENERAL/FOTOS BAJA/SELLADORES_02/505733_CEYS SELLADOR MADERA ROBLE TUBO 125ML.jpg
505734,SELLACEYS SELLADOR MADERA PINO 125ML,8411519220124,6,"3,29",4,selladores especificos,http://h2830758.stratoserver.net/DAM GENERAL/FOTOS BAJA/SELLADORES_02/505734_CEYS SELLADOR MADERA PINO TUBO 125ML.jpg
505735,SELLACEYS SELLADOR MADERA SAPELI 125ML,8411519220100,6,"3,29",4,selladores especificos,http://h2830758.stratoserver.net/DAM GENERAL/FOTOS BAJA/SELLADORES_02/505735_CEYS SELLADOR MADERA SAPELI TUBO 125ML.jpg
505736,SELLACEYS SELLADOR MADERA NOGAL 125ML,8411519757361,6,"3,29",4,selladores especificos,http://h2830758.stratoserver.net/DAM GENERAL/FOTOS BAJA/SELLADORES_02/505736_CEYS SELLADOR MADERA NOGAL TUBO 125ML.jpg
505737,SELLACEYS SELLADOR MADERA HAYA 125ML,8411519757378,6,"3,29",4,selladores especificos,http://h2830758.stratoserver.net/DAM GENERAL/FOTOS BAJA/SELLADORES_02/505737_CEYS SELLADOR MADERA HAYA TUBO 125ML.jpg
505738,SELLACEYS SELLADOR MADERA BLANCO 125ML,8411519757385,6,"3,29",4,selladores especificos,http://h2830758.stratoserver.net/DAM GENERAL/FOTOS BAJA/SELLADORES_02/505738_CEYS  SELLADOR MADERA BLANCO TUBO 125ML.jpg
505765,CEYS SELLACEYS MADERA ROBLE CART 8,8411519220056,8,"3,56","4,3",selladores especificos,http://h2830758.stratoserver.net/DAM GENERAL/FOTOS BAJA/SELLADORES_02/505725_CEYS SELLADOR ROBLE.jpg
505766,CEYS SELLACEYS MADERA SAPELI CART C/8,8411519220063,8,"3,56","4,3",selladores especificos,http://h2830758.stratoserver.net/DAM GENERAL/FOTOS BAJA/SELLADORES_02/505726_CEYS SELLADOR MADERA SAPELI CARTUCHO 280ML.jpg
505767,SELLACEYS MADERA PINO 280ML 8,8411519220070,8,"3,56","4,3",selladores especificos,http://h2830758.stratoserver.net/DAM GENERAL/FOTOS BAJA/SELLADORES_02/505727_CEYS SELLADOR MADERA PINO CARTUCHO 280ML.jpg
505768,CEYS SELLACEYS MADERA CEREZO CART 8U,8411519757132,8,"3,56","4,3",selladores especificos,http://h2830758.stratoserver.net/DAM GENERAL/FOTOS BAJA/SELLADORES_02/505728_CEYS SELLADOR MADERA CEREZO CARTUCHO 280ML.jpg
505769,SELLACEYS MADERA WENGUE 280ML 8,8411519757149,8,"3,56","4,3",selladores especificos,http://h2830758.stratoserver.net/DAM GENERAL/FOTOS BAJA/SELLADORES_02/505729_CEYS SELLADOR MADERA WENGUÉ CARTUCHO 280ML.jpg
505770,CEYS SELLACEYS MADERA HAYA CART 8U,8411519757156,8,"3,56","4,3",selladores especificos,http://h2830758.stratoserver.net/DAM GENERAL/FOTOS BAJA/SELLADORES_02/505730_CEYS SELLADOR MADERA HAYA CARTUCHO 280ML.jpg
505771,CEYS SELLACEYS MADERA NOGAL CART 8,8411519757163,8,"3,56","4,3",selladores especificos,http://h2830758.stratoserver.net/DAM GENERAL/FOTOS BAJA/SELLADORES_02/505731_CEYS SELLADOR MADERA NOGAL CARTUCHO 280ML.jpg
505772,SELLACEYS MADERA TECA 280ML 8,8411519757170,8,"3,56","4,3",selladores especificos,http://h2830758.stratoserver.net/DAM GENERAL/FOTOS BAJA/SELLADORES_02/505732_CEYS SELLADOR CARTUCHO TECA.jpg
505781, SELLADOR MADERA BLANCO 280ML 8U,8411519757248,8,"3,56","4,3",selladores especificos,http://h2830758.stratoserver.net/DAM GENERAL/FOTOS BAJA/SELLADORES_02/505741_CEYS SELLADOR MADERA BLANCO CARTUCHO 280ML.jpg
505785,CEYS SELLACEYS MADERA GRIS CLARO CART 8,8411519757453,8,"3,56","4,3",selladores especificos,http://h2830758.stratoserver.net/DAM GENERAL/FOTOS BAJA/SELLADORES_02/505745_CEYS SELLADOR MADERA GRIS CLARO CARTUCHO 280ML.jpg
505786,CEYS SELLACEYS MADERA GRIS OSCURO CART 8,8411519757460,8,"3,56","4,3",selladores especificos,http://h2830758.stratoserver.net/DAM GENERAL/FOTOS BAJA/SELLADORES_02/505746_CEYS SELLADOR MADERA GRIS OSCURO CARTUCHO 280ML.jpg
506020,SELLACEYS ESPEJOS BLANCO CARTUCHO 8,8411519210019,8,"5,98","7,25",selladores especificos,http://h2830758.stratoserver.net/DAM GENERAL/FOTOS BAJA/SELLADORES_02/506020_CEYS SILICONA ESPEJOS BLANCO.jpg
506021,CEYS SELLACEYS VENTANAS CONSTRUCCION BL CART 8,8411519760026,8,"4,85","5,85",selladores especificos,http://h2830758.stratoserver.net/DAM GENERAL/FOTOS BAJA/SELLADORES_02/506021_VENTANAS CONSTRUCCIÓN CARTUCHO BLANCO.jpg
506022,CEYS SELLACEYS VENTANAS CONSTRUCCION TRANS CART 8,8411519760040,8,"4,85","5,85",selladores especificos,http://h2830758.stratoserver.net/DAM GENERAL/FOTOS BAJA/SELLADORES_02/506022_VENTANAS CONSTRUCCIÓN CARTUCHO TRANSLUCIDO.jpg
506028,CEYS SELLACEYS ALTA TEMPERATURA 8,8411519212150,8,"7,27","8,8",selladores especificos,http://h2830758.stratoserver.net/DAM GENERAL/FOTOS BAJA/SELLADORES_02/506218_ALTA TEMPERATURA CARTUCHO NEGRO.jpg
506301,CEYS MASILLA REFRACTARIA CARTUCHO 310ML,8411519763010,15,"5,45","6,6",selladores especificos,http://h2830758.stratoserver.net/DAM GENERAL/FOTOS BAJA/SELLADORES_02/506301_MASILLA REFRACTARIA CARTUCHO NEGRO.jpg
505801,CEYS SELLAFLEX BLANCO CARTUCHO,8411519211016,12,"5,95","7,2",masilla poliuretano,http://h2830758.stratoserver.net/DAM GENERAL/FOTOS BAJA/SELLADORES_02/505801_SELLAFLEX_MASILLA POLIURETANO CARTUCHO BLANCO.jpg
505802,CEYS SELLAFLEX GRIS CARTUCHO,8411519211023,12,"5,95","7,2",masilla poliuretano,http://h2830758.stratoserver.net/DAM GENERAL/FOTOS BAJA/SELLADORES_02/505802_SELLAFLEX_MASILLA POLIURETANO CARTUCHO GRIS.jpg
505803,CEYS SELLAFLEX  MARRON-TEJA CARTUCHO,8411519211030,12,"5,95","7,2",masilla poliuretano,http://h2830758.stratoserver.net/DAM GENERAL/FOTOS BAJA/SELLADORES_02/505803_SELLAFLEX_MASILLA POLIURETANO CARTUCHO MARRON.jpg
505804,CEYS SELLAFLEX NEGRO CARTUCHO,8411519211047,12,"5,95","7,2",masilla poliuretano,http://h2830758.stratoserver.net/DAM GENERAL/FOTOS BAJA/SELLADORES_02/505804_SELLAFLEX_MASILLA POLIURETANO CARTUCHO NEGRO.jpg
505805,CEYS SELLAFLEX PROF jut dil. 600ml BL,8411519758054,20,"7,69","9,3",masilla poliuretano,http://h2830758.stratoserver.net/DAM GENERAL/FOTOS BAJA/SELLADORES_02/505805_SELLAFLEX_MASILLO POLIURETANO SALCHICHÓN BLANCO.jpg
505806,CEYS SELLAFLEX PROF jut dil. 600ml GRIS,8411519758061,20,"7,69","9,3",masilla poliuretano,http://h2830758.stratoserver.net/DAM GENERAL/FOTOS BAJA/SELLADORES_02/505806_SELLAFELX_MASILLA POLIURETANO SALCHICHON GRIS.jpg
505808,CEYS SELLAFLEX PROF jut dil.600ml MARRON,8411519758085,20,"7,69","9,3",masilla poliuretano,http://h2830758.stratoserver.net/DAM GENERAL/FOTOS BAJA/SELLADORES_02/505808_SELLAFLEX_MASILLA POLIURETANO SALCHICHON MARRON.jpg
506104,SELLACEYS ALISA SILICONA,8411519701043,10,"4,3","5,2",accesorios ceys,http://h2830758.stratoserver.net/DAM GENERAL/FOTOS BAJA/SELLADORES_02/506104_ALISA SILICONA.jpg
506105,SELLACEYS ELIMINA SILICONA,8411519701050,10,"4,3","5,2",accesorios ceys,http://h2830758.stratoserver.net/DAM GENERAL/FOTOS BAJA/SELLADORES_02/506105_ELIMINA SILICONA.jpg
506102,CEYS PISTOLA APLICACION MUELLE,8411519223019,1,"5,97","7,2",accesorios ceys,http://h2830758.stratoserver.net/DAM GENERAL/FOTOS BAJA/SELLADORES_02/506102_PISTOLA MUELLE.jpg
901404,CEYS PISTOLA CART MASILLA ALTA VISCOSID.,8429243410056,1,"11,89","14,4",accesorios ceys,http://h2830758.stratoserver.net/DAM GENERAL/FOTOS BAJA/SELLADORES_02/901404_PISTOLA ALTA VISCOSIDAD.jpg
505807,SELLAFLEX PROF PISTOLA 600ML,8411519758078,1,"21,77","26,35",accesorios ceys,http://h2830758.stratoserver.net/DAM GENERAL/FOTOS BAJA/SELLADORES_02/505807_PISTOLA600ml.jpg
505036,CEYS SUPERBARRA MULTIUSOS,8411519750362,12,"6,18","7,5",reparadores epecificos,http://h2830758.stratoserver.net/DAM GENERAL/FOTOS BAJA/REPARADORES_02/505036_SUPERBARRA MULTIUSOS BLISTER
505025,CEYS SUPER BARRA REPARADORA MADERA,8411519360103,8,"6,18","7,5",reparadores epecificos,http://h2830758.stratoserver.net/DAM GENERAL/FOTOS BAJA/REPARADORES_02/505025_SUPERBARRA MADERA BLISTER.jpg
505026,CEYS SUPER BARRA REPARADORA METAL,8411519360110,8,"6,18","7,5",reparadores epecificos,http://h2830758.stratoserver.net/DAM GENERAL/FOTOS BAJA/REPARADORES_02/505026_SUPERBARRA METAL BLISTER.jpg
505027,CEYS SUPER BARRA REPARADORA PIEDRA,8411519360127,8,"6,18","7,5",reparadores epecificos,http://h2830758.stratoserver.net/DAM GENERAL/FOTOS BAJA/REPARADORES_02/505027_SUPERBARRA PIEDRA BLISTER.jpg
505031,CEYS SUPER BARRA REPARADORA PLASTICO,8411519750317,8,"6,18","7,5",reparadores epecificos,http://h2830758.stratoserver.net/DAM GENERAL/FOTOS BAJA/REPARADORES_02/505031_SUPERBARRA PLÁSTICO BLISTER.jpg
505029,CEYS REPARADOR MASILLA EPOXI SANEAMIENTO,8411519360134,12,"9,75","11,8",reparadores epecificos,http://h2830758.stratoserver.net/DAM GENERAL/FOTOS BAJA/REPARADORES_02/505029_BARRA SANEAMIENTO.jpg
505001,CEYS MASILLA CARROCERIAS BLISTER,8411519590029,6,"9,1",11,reparadores epecificos,http://h2830758.stratoserver.net/DAM GENERAL/FOTOS BAJA/REPARADORES_02/505001_CARROCERIA BLISTER.jpg
505002,CEYS REPARADOR FIBRA VIDRIO BLISTER,8411519590012,6,"10,84","13,1",reparadores epecificos,http://h2830758.stratoserver.net/DAM GENERAL/FOTOS BAJA/REPARADORES_02/505002_FIBRA DE VIDRIO BLISTER.jpg
505007,CEYS REPARADOR METAL BLISTER 40ML+40GR.,8411519130119,6,"7,15","8,65",reparadores epecificos,http://h2830758.stratoserver.net/DAM GENERAL/FOTOS BAJA/REPARADORES_02/505007_FIBRA DE VIDRIO BLISTER.jpg
505016,CEYS REPARADOR PINCHAZOS BLISTER 6U,8411519470017,6,"3,77","4,55",reparadores epecificos,http://h2830758.stratoserver.net/DAM GENERAL/FOTOS BAJA/REPARADORES_02/505016_PINCHAZO PARCHES.jpg
505017,CEYS REPARADOR LONA Y CAUCHO BLISTER 6U,8411519470024,6,"6,01","7,25",reparadores epecificos,http://h2830758.stratoserver.net/DAM GENERAL/FOTOS BAJA/REPARADORES_02/505017_LONA Y CAUCHO PARCHES.jpg
505101,CEYS RESTAURADOR CERAMICO BLANCO 15ML,8411519440010,12,"4,51","5,45",reparadores epecificos,http://h2830758.stratoserver.net/DAM GENERAL/FOTOS BAJA/REPARADORES_02/505101_CERÁMICO TUBO BLANCO.jpg
505121,CEYS RESTAURADOR CERÁMICO PERGAMON,8411519751215,12,"4,51","5,45",reparadores epecificos,http://h2830758.stratoserver.net/DAM GENERAL/FOTOS BAJA/REPARADORES_02/505121_CERÁMICO TUBO PERGAMÓN.jpg
505108,CEYS RESTAURADOR MADERA NATURAL TUBO 40G,8411519520019,12,"2,83","3,45",restauradores madera,http://h2830758.stratoserver.net/DAM GENERAL/FOTOS BAJA/RESTAURADORES_02/505108_RESTAURADOR MADERA NATURAL
505109,CEYS RESTAURADOR MADERA SAPELI TUBO 40G,8411519520026,12,"2,83","3,45",restauradores madera,http://h2830758.stratoserver.net/DAM GENERAL/FOTOS BAJA/RESTAURADORES_02/505109_RESTAURADOR MADERA SAPELI.jpg
505110,CEYS RESTAURADOR MADERA ROBLE TUBO 40G,8411519520033,12,"2,83","3,45",restauradores madera,http://h2830758.stratoserver.net/DAM GENERAL/FOTOS BAJA/RESTAURADORES_02/505110_RESTAURADOR MADERA ROBLE.jpg
505111,CEYS RESTAURADOR MADERA CAOBA TUBO 40G,8411519520040,12,"2,83","3,45",restauradores madera,http://h2830758.stratoserver.net/DAM GENERAL/FOTOS BAJA/RESTAURADORES_02/505111_RESTAURADOR MADERA CAOBA.jpg
505112,CEYS RESTAURADOR MADERA NOGAL TUBO 40G,8411519520057,12,"2,83","3,45",restauradores madera,http://h2830758.stratoserver.net/DAM GENERAL/FOTOS BAJA/RESTAURADORES_02/505112_RESTAURADOR MADERA NOGAL.jpg
505113,CEYS RESTAURADOR MADERA TECA TUBO 40G,8411519520064,12,"2,83","3,45",restauradores madera,http://h2830758.stratoserver.net/DAM GENERAL/FOTOS BAJA/RESTAURADORES_02/505113_RESTAURADOR MADERA TECA.jpg
505116,CEYS RESTAURADOR MADERA PINO TUBO 40G,8411519520149,12,"2,83","3,45",restauradores madera,http://h2830758.stratoserver.net/DAM GENERAL/FOTOS BAJA/RESTAURADORES_02/505116_RESTAURADOR MADERA PINO.jpg
505117,CEYS RESTAURADOR MADERA BLANCO TUBO 40G,8411519520132,12,"2,83","3,45",restauradores madera,http://h2830758.stratoserver.net/DAM GENERAL/FOTOS BAJA/RESTAURADORES_02/505117_RESTAURADOR MADERA BLANCO.jpg
505201,CEYS RETOCADOR MADERA NOGAL OSCURO,8411519530018,12,"4,82","5,85",restauradores madera,http://h2830758.stratoserver.net/DAM GENERAL/FOTOS BAJA/RESTAURADORES_02/505201_RETOCADOR MADERA NOGAL OSCURO.jpg
505202,CEYS RETOCADOR MADERA NOGAL CLARO,8411519530025,12,"4,82","5,85",restauradores madera,http://h2830758.stratoserver.net/DAM GENERAL/FOTOS BAJA/RESTAURADORES_02/505202_RETOCADOR MADERA NOGAL CLARO.jpg
505203,CEYS RETOCADOR MADERA PALISANDRO,8411519530032,12,"4,82","5,85",restauradores madera,http://h2830758.stratoserver.net/DAM GENERAL/FOTOS BAJA/RESTAURADORES_02/505203_RETOCADOR MADERA PALISANDRO.jpg
505204,CEYS RETOCADOR MADERA CAOBA,8411519530049,12,"4,82","5,85",restauradores madera,http://h2830758.stratoserver.net/DAM GENERAL/FOTOS BAJA/RESTAURADORES_02/505204_RETOCADOR MADERA CAOBA.jpg
505205,CEYS RETOCADOR MADERA FRESNO/PINO,8411519530056,12,"4,82","5,85",restauradores madera,http://h2830758.stratoserver.net/DAM GENERAL/FOTOS BAJA/RESTAURADORES_02/505205_CEYS RETOCADOR MADERA PINO.jpg
505206,CEYS RETOCADOR MADERA NEGRO,8411519530063,12,"4,82","5,85",restauradores madera,http://h2830758.stratoserver.net/DAM GENERAL/FOTOS BAJA/RESTAURADORES_02/505206_CEYS RETOCADOR MADERA NEGRO.jpg
505213,CEYS RETOCADOR MADERA ROBLE,8411519530131,12,"4,82","5,85",restauradores madera,http://h2830758.stratoserver.net/DAM GENERAL/FOTOS BAJA/RESTAURADORES_02/505213_CEYS RETOCADOR MADERA ROBLE.jpg
505214,CEYS RETOCADOR MADERA CEREZO,8411519530148,12,"4,82","5,85",restauradores madera,http://h2830758.stratoserver.net/DAM GENERAL/FOTOS BAJA/RESTAURADORES_02/505214_CEYS RETOCADOR MADERA CEREZO.jpg
505301,CEYS CERA REPARADORA NATURAL BARRA 30G,8411519520224,12,"2,89","3,5",restauradores madera,http://h2830758.stratoserver.net/DAM GENERAL/FOTOS BAJA/RESTAURADORES_02/505301_CERA REPARADORA NATURAL 30G.jpg
505302,CEYS CERA REPARADORA PINO BARRA 30G,8411519520248,12,"2,89","3,5",restauradores madera,http://h2830758.stratoserver.net/DAM GENERAL/FOTOS BAJA/RESTAURADORES_02/505302_CERA REPARADORA PINO 30G.jpg
505303,CEYS CERA REPARADORA ROBLE BARRA 30G,8411519520255,12,"2,89","3,5",restauradores madera,http://h2830758.stratoserver.net/DAM GENERAL/FOTOS BAJA/RESTAURADORES_02/505303_CERA REPARADORA ROBLE 30G.jpg
505304,CEYS CERA REPARADORA CEREZO BARRA 30G,8411519520217,12,"2,89","3,5",restauradores madera,http://h2830758.stratoserver.net/DAM GENERAL/FOTOS BAJA/RESTAURADORES_02/505304_CERA REPARADORA CEREZO 30G.jpg
505305,CEYS CERA REPARADORA CAOBA BARRA 30G,8411519520200,12,"2,89","3,5",restauradores madera,http://h2830758.stratoserver.net/DAM GENERAL/FOTOS BAJA/RESTAURADORES_02/505305_CERA RESTAURADORA CAOBA 30G.jpg
505306,CEYS CERA REPARADORA NOGAL BARRA 30G,8411519520231,12,"2,89","3,5",restauradores madera,http://h2830758.stratoserver.net/DAM GENERAL/FOTOS BAJA/RESTAURADORES_02/505306_CERA REPARADORA NOGAL 30G.jpg
850002,CEYS CANTO AUTOADHESIVO BLANCO ROLLO 5M,8411519912012,12,"3,82","4,6",restauradores madera,http://h2830758.stratoserver.net/DAM GENERAL/FOTOS BAJA/RESTAURADORES_02/850002_CANTOS BLANCO.jpg
850102,CEYS CANTO AUTOADHESIVO NEGRO ROLLO 5M,8411519912029,12,"3,82","4,6",restauradores madera,http://h2830758.stratoserver.net/DAM GENERAL/FOTOS BAJA/RESTAURADORES_02/850102_CANTOS NEGRO.jpg
850202,CEYS CANTO AUTOADHESIVO ROBLE ROLLO 5M,8411519912036,12,"3,82","4,6",restauradores madera,http://h2830758.stratoserver.net/DAM GENERAL/FOTOS BAJA/RESTAURADORES_02/850202_CANTOS ROBLE.jpg
850302,CEYS CANTO AUTOADHESIVO PINO ROLLO 5M,8411519912043,12,"3,82","4,6",restauradores madera,http://h2830758.stratoserver.net/DAM GENERAL/FOTOS BAJA/RESTAURADORES_02/850302_CANTOS PINO.jpg
850402,CEYS CANTO AUTOADHESIVO SAPELI ROLLO 5M,8411519912050,12,"3,82","4,6",restauradores madera,http://h2830758.stratoserver.net/DAM GENERAL/FOTOS BAJA/RESTAURADORES_02/850402_CANTOS SAPELI.jpg
851102,CEYS CANTO AUTOADHESIVO CEREZO ROLLO 5M,8411519912128,12,"3,82","4,6",restauradores madera,http://h2830758.stratoserver.net/DAM GENERAL/FOTOS BAJA/RESTAURADORES_02/851102_CANTOS CEREZO.jpg
851202,CEYS CANTO AUTOADHESIVO HAYA ROLLO 5M,8411519053180,12,"3,82","4,6",restauradores madera,http://h2830758.stratoserver.net/DAM GENERAL/FOTOS BAJA/RESTAURADORES_02/851202_CANTOS HAYA.jpg
851302,CEYS CANTO AUTOADHESIVO NOGAL ROLLO 5M,8411519053197,12,"3,82","4,6",restauradores madera,http://h2830758.stratoserver.net/DAM GENERAL/FOTOS BAJA/RESTAURADORES_02/851302_CANTOS NOGAL.jpg
851402,CEYS CANTO AUTOADHESIVO WENGÉ ROLLO 5M,8411519053579,12,"3,82","4,6",restauradores madera,http://h2830758.stratoserver.net/DAM GENERAL/FOTOS BAJA/RESTAURADORES_02/851402_CANTOS WENGE.jpg
507622,BRICOCINTA MÁS FÁCIL PRECORTADA,8411519776225,12,"4,81","5,8",cintas adhesivas,http://h2830758.stratoserver.net/DAM GENERAL/FOTOS BAJA/CINTAS_02/507622_BRICOCINTA TRANSPARENTE PRECORTADA.jpg
507623,CRICK NEGRO 4 TIRAS DE 7CMX25MM,8411519776232,12,"6,12","7,4",cintas adhesivas,http://h2830758.stratoserver.net/DAM GENERAL/FOTOS BAJA/CINTAS_02/507623_CRICK NEGRO 4 TIRAS.jpg
507625,CRICK TRANSP 4 TIRAS 7CMX25MM,8411519776256,12,"6,12","7,4",cintas adhesivas,http://h2830758.stratoserver.net/DAM GENERAL/FOTOS BAJA/CINTAS_02/507625_CRICK TRANSPARENTE 4 TIRAS.jpg
507610,TACKCEYS CRISTAL CON CORTADOR 20MX50MM,8411519776102,10,"4,61","5,6",cintas adhesivas,http://h2830758.stratoserver.net/DAM GENERAL/FOTOS BAJA/CINTAS_02/507610_CINTA CRISTAL CON CORTADOR.jpg
507601,TACKCEYS C.AMERICANA PLATA BLISTER 5MX50,8411519776010,12,"3,66","4,45",cintas adhesivas,http://h2830758.stratoserver.net/DAM GENERAL/FOTOS BAJA/CINTAS_02/507601_CINTA AMERICANA PLATA BLISTER 5Mx50MM.jpg
507604,TACKCEYS C.AMERICANA NEGRO BLISTER 5MX50,8411519776041,12,"3,66","4,45",cintas adhesivas,http://h2830758.stratoserver.net/DAM GENERAL/FOTOS BAJA/CINTAS_02/507604_CINTA AMERICANA NEGRO BLISTE 5Mx50MM 2.jpg
507602,TACKCEYS C.AMERICANA PLATA ROLLO 10MX50,8411519776027,12,"4,8","5,8",cintas adhesivas,http://h2830758.stratoserver.net/DAM GENERAL/FOTOS BAJA/CINTAS_02/507602_CINTA AMERICANA PLATA ROLLO 10Mx50MM.jpg
507605,TACKCEYS C.AMERICANA NEGRO ROLLO 10MX50,8411519776058,12,"4,8","5,8",cintas adhesivas,http://h2830758.stratoserver.net/DAM GENERAL/FOTOS BAJA/CINTAS_02/507605_CINTA AMERICANA NEGRO ROLLO 10Mx50MM.jpg
507650,TACKCEYS C.AMERICANA BLANCA ROLLO 10MX50,8411519776508,12,"4,8","5,8",cintas adhesivas,http://h2830758.stratoserver.net/DAM GENERAL/FOTOS BAJA/CINTAS_02/507650_CINTA AMERICANA BLANCO ROLLO 10Mx50MM.jpg
507603,TACKCEYS C.AMERICANA PLATA ROLLO 25MX50,8411519776034,12,"8,39","10,15",cintas adhesivas,http://h2830758.stratoserver.net/DAM GENERAL/FOTOS BAJA/CINTAS_02/507603_CINTA AMERICANA PLATA ROLLO 25Mx50MM.jpg
507609,TACKCEYS C.AMERICANA PLATA ROLLO 50MX50,8411519776096,8,"8,97","10,85",cintas adhesivas,http://h2830758.stratoserver.net/DAM GENERAL/FOTOS BAJA/CINTAS_02/507609_CINTA AMERICANA PLATA ROLLO 50Mx50MM.jpg
507660,CEYS CINTA X10,8411519776607,8,"11,13","13,45",cintas adhesivas,http://h2830758.stratoserver.net/DAM GENERAL/FOTOS BAJA/CINTAS_02/507660_CINTAx10.jpg
507616,TACKCEYS ALUMINIO ROLLO 10MX50MM,8411519776164,12,"6,44","7,8",cintas adhesivas,http://h2830758.stratoserver.net/DAM GENERAL/FOTOS BAJA/CINTAS_02/507616_CINTA ALUMINIO 10m.jpg
507703,CINTA REPARATODO,8411519777031,12,"7,56","9,15",cintas adhesivas,http://h2830758.stratoserver.net/DAM GENERAL/FOTOS BAJA/CINTAS_02/507703_CINTA REPARATODO CONDICIONES EXTREMAS TRANSPARENTE 3Mx25MM.jpg
507701,STIRA & AISLA NEGRO 3MX19MM,8411519777017,12,"6,44","7,8",cintas adhesivas,http://h2830758.stratoserver.net/DAM GENERAL/FOTOS BAJA/CINTAS_02/507701_CINTA STIRA&AISLA AISLANTE ELÉCTRICO 3Mx19MM.jpg
507702,STIRA & SELLA BLANCO 3MX19MM,8411519777024,12,"6,44","7,8",cintas adhesivas,http://h2830758.stratoserver.net/DAM GENERAL/FOTOS BAJA/CINTAS_02/507702_STIRA&SELLA.jpg
507614,TIRAS ANTIDESLIZ BAÑERAS BLANCO,8411519776140,12,"9,28","11,25",cintas adhesivas,http://h2830758.stratoserver.net/DAM GENERAL/FOTOS BAJA/CINTAS_02/507614_CINTA ANTIDEZLIZANTE 12 TIRAS BAÑERAS Y DUCHAS BLANCO 20CMx2
507615,TIRAS ANTIDESLIZ BAÑERAS TRANSP,8411519776157,12,"9,28","11,25",cintas adhesivas,http://h2830758.stratoserver.net/DAM GENERAL/FOTOS BAJA/CINTAS_02/507615_CINTA ANTIDESLIZANTE 12 TIRAS BAÑERAS Y DUCHAS TRANSPARENTE  20CMx2
507612,CINTAS ANTIDESLIZANTE NEGRO 5MX25MM,8411519776126,12,"6,12","7,4",cintas adhesivas,http://h2830758.stratoserver.net/DAM GENERAL/FOTOS BAJA/CINTAS_02/507612_CINTA ANTIDESLIZANTE.jpg
504802,ESPUMAX AISLAR Y RELLENAR CANULA 750ML,8411519580020,12,"6,67","8,05",espumas poliuretano,http://h2830758.stratoserver.net/DAM GENERAL/FOTOS BAJA/ESPUMAX_02/504802 ESPUMAX AISLAMIENTO canula.jpg
504803,ESPUMAX AISLAR Y RELLENAR PISTOLA 750ML,8411519580044,12,"7,03","8,5",espumas poliuretano,http://h2830758.stratoserver.net/DAM GENERAL/FOTOS BAJA/ESPUMAX_02/504803 ESPUMAX AISLAMIENTO.jpg
504809,ESPUMAX FIJACION y MONTAJE 750 CÁNULA,8411519748093,12,"7,63","9,25",espumas poliuretano,http://h2830758.stratoserver.net/DAM GENERAL/FOTOS BAJA/ESPUMAX_02/504809 ESPUMAX FIJACION y MONTAJE 750 CANULA.jpg
504808,ESPUMAX FIJACION y MONTAJE 750 PISTOLA,8411519748086,12,"7,84","9,5",espumas poliuretano,http://h2830758.stratoserver.net/DAM GENERAL/FOTOS BAJA/ESPUMAX_02/504808 ESPUMAX FIJACION y MONTAJE 750 PISTOLA.jpg
504816,ESPUMAX STOP FUEGO CÁNULA 750 ML,8411519748161,12,"12,38",15,espumas poliuretano,http://h2830758.stratoserver.net/DAM GENERAL/FOTOS BAJA/ESPUMAX_02/504816 ESPUMAX STOPFUEGO canula.jpg
504820,ESPUMAX CONTROL TOTAL CÁNULA 500ML,8411519748208,12,"5,74","6,95",espumas poliuretano,http://h2830758.stratoserver.net/DAM GENERAL/FOTOS BAJA/ESPUMAX_02/504820_ESPUMAX CONTROL TOTAL.jpg
504804,ESPUMAX LIMPIADOR ESPUMA PU 500ML,8411519580068,12,"8,98","10,85",espumas poliuretano,http://h2830758.stratoserver.net/DAM GENERAL/FOTOS BAJA/ESPUMAX_02/504804_ESPUMAX LIMPIADOR.jpg
901104,CEYS PISTOLA ESPUMA PU ANTIATASCO,8411519911503,1,"19,2","23,25",espumas poliuretano,http://h2830758.stratoserver.net/DAM GENERAL/FOTOS BAJA/ESPUMAX_02/901104_PISTOLA ESPUMAX.jpg
901610,CEYS TACO QUÍMICO POLYESTER 300ML,8411519916102,10,"10,22","12,35",taco quimico,http://h2830758.stratoserver.net/DAM GENERAL/FOTOS BAJA/CONSTRUCCIÓN_02/901610_TACOQUIMICO_POLIESTER.jpg
901620,CEYS TACO QUIMICO VINYLESTER 300ML,8411519916201,10,"11,83","14,3",taco quimico,http://h2830758.stratoserver.net/DAM GENERAL/FOTOS BAJA/CONSTRUCCIÓN_02/901620_TACOQUIMICO_VINILESTER.jpg
901611,CEYS CÁNULAS MEZCLADORAS TACO QUIM. 10U,8411519916119,10,"10,77","13,05",taco quimico,http://h2830758.stratoserver.net/DAM GENERAL/FOTOS BAJA/CONSTRUCCIÓN_02/901611_CANULAS TACOQUIMICO.jpg
901616,CEYS TAMIZ TACO QUÍMICO 9X50MM BOLSA 8U,8411519916164,12,"4,77","5,75",taco quimico,http://h2830758.stratoserver.net/DAM GENERAL/FOTOS BAJA/CONSTRUCCIÓN_02/901616_TAMIZ PEQUE TACOQUIMICO_9x50_s.jpg
901615,CEYS TAMIZ TACO QUÍMIC13X85MM BOLSA8U,8411519916157,12,"4,77","5,75",taco quimico,http://h2830758.stratoserver.net/DAM GENERAL/FOTOS BAJA/CONSTRUCCIÓN_02/901615_TAMIZ GRANDE TACOQUIMICO_13x85.jpg
550222,TECHNOBOND 01 PLUS 20G,8411519702224,6,"13,62","16,5",uniones tecnicas,http://h2830758.stratoserver.net/DAM GENERAL/FOTOS BAJA/TECHNOBOND_02/550222_TECHBOBOND 01+ 20g.jpg.jpg
550223,TECHNOBOND 01 PLUS 50G,8411519702231,6,"27,76","33,6",uniones tecnicas,http://h2830758.stratoserver.net/DAM GENERAL/FOTOS BAJA/TECHNOBOND_02/550223_TECHBOBOND 01+ 50g.jpg.jpg
550220,TECHNOBOND 06 PLUS 20G,8411519702200,6,"15,99","19,35",uniones tecnicas,http://h2830758.stratoserver.net/DAM GENERAL/FOTOS BAJA/TECHNOBOND_02/550220_TECHBOBOND 06+ 20g.jpg.jpg
550221,TECHNOBOND 06 PLUS 50G,8411519702217,6,"31,97","38,7",uniones tecnicas,http://h2830758.stratoserver.net/DAM GENERAL/FOTOS BAJA/TECHNOBOND_02/550221_TECHBOBOND 06+ 50g.jpg.jpg
550227,TECHNOBOND 03 PLUS 20G,8411519702279,6,"15,99","19,35",uniones tecnicas,http://h2830758.stratoserver.net/DAM GENERAL/FOTOS BAJA/TECHNOBOND_02/550227_TECHBOBOND 03+ 20g.jpg.jpg
550114,TECHNOBOND 55 PLUS 10g,8411519701142,6,"9,46","11,45",uniones tecnicas,http://h2830758.stratoserver.net/DAM GENERAL/FOTOS BAJA/TECHNOBOND_02/550114_ESTUCHE TECHNOBOND 55+.jpg.jpg
550225,TECHNOBOND 35 20G,8411519702255,6,"15,99","19,35",uniones tecnicas,http://h2830758.stratoserver.net/DAM GENERAL/FOTOS BAJA/TECHNOBOND_02/550225_TECHBOBOND 35 20g.jpg.jpg
550226,TECHNOBOND 18 20G,8411519702262,6,"15,99","19,35",uniones tecnicas,http://h2830758.stratoserver.net/DAM GENERAL/FOTOS BAJA/TECHNOBOND_02/550226_TECHBOBOND 18- 20g.jpg.jpg
550238,TECHNOBOND PRIMER 4 ML,8411519702385,6,"5,04","6,1",uniones tecnicas,http://h2830758.stratoserver.net/DAM GENERAL/FOTOS BAJA/TECHNOBOND_02/550238_ESTUCHE TECHNOBOND PRIMER TRZ.jpg.jpg
550239,TECHNOBOND 113 ACTIVADOR 150ML,8411519702392,6,"15,12","18,3",uniones tecnicas,http://h2830758.stratoserver.net/DAM GENERAL/FOTOS BAJA/TECHNOBOND_02/550239_TB 113 ACTIVADOR.jpg.jpg
550130,TECHNOBOND F-22 50ML,8411519701302,6,"25,5","30,85",uniones tecnicas,http://h2830758.stratoserver.net/DAM GENERAL/FOTOS BAJA/TECHNOBOND_02/550130_TECHBOBOND F22 50ml.jpg.jpg
550131,TECHNOBOND F-43 50 ML,8411519701319,6,"24,65","29,85",uniones tecnicas,http://h2830758.stratoserver.net/DAM GENERAL/FOTOS BAJA/TECHNOBOND_02/550131_TECHBOBOND F43 50ml.jpg.jpg
550132,TECHNOBOND F-70 50 ML,8411519701326,6,"25,92","31,35",uniones tecnicas,http://h2830758.stratoserver.net/DAM GENERAL/FOTOS BAJA/TECHNOBOND_02/550132_TECHBOBOND F70 50ml.jpg.jpg
550128,TECHNOBOND F-70R PLUS 50ML,8411519701289,6,"29,27","35,4",uniones tecnicas,http://h2830758.stratoserver.net/DAM GENERAL/FOTOS BAJA/TECHNOBOND_02/550128_TECHNOBOND_F70R PLUS.jpg
550142,TECHNOBOND S-77 50 ML - FUELLE,8411519701425,6,"16,71","20,2",uniones tecnicas,http://h2830758.stratoserver.net/DAM GENERAL/FOTOS BAJA/TECHNOBOND_02/550142_TECHNOBOND_SELLADOR S77.jpg
550135,TECHNOBOND S-42 50ML,8411519701357,6,"18,76","22,7",uniones tecnicas,http://h2830758.stratoserver.net/DAM GENERAL/FOTOS BAJA/TECHNOBOND_02/550135_TECHNOBOND_SELLADOR S42.jpg
550129,TECHNOBOND S-77R PLUS 50 ML,8411519701296,6,"20,55","24,85",uniones tecnicas,http://h2830758.stratoserver.net/DAM GENERAL/FOTOS BAJA/TECHNOBOND_02/550129_TECHNOBOND S77R PLUS.jpg
550133,TECHNOBOND R-03 50ML,8411519701333,6,"25,5","30,85",uniones tecnicas,http://h2830758.stratoserver.net/DAM GENERAL/FOTOS BAJA/TECHNOBOND_02/550133_TECHBOBOND R03 50ml.jpg.jpg
550141,TECHNOBOND J-10 50 ML - FUELLE,8411519701418,6,"19,45","23,55",uniones tecnicas,http://h2830758.stratoserver.net/DAM GENERAL/FOTOS BAJA/TECHNOBOND_02/550141_TECHNOBOND_J10.jpg
550240,TECHNOBOND J-28 70 ML,8411519702408,6,"9,42","11,4",uniones tecnicas,http://h2830758.stratoserver.net/DAM GENERAL/FOTOS BAJA/TECHNOBOND_02/550240_PACK TECHNOBOND J28.jpg
550137,TECHNOBOND 4en1 35g,8411519701371,6,"18,39","22,25",uniones tecnicas,http://h2830758.stratoserver.net/DAM GENERAL/FOTOS BAJA/TECHNOBOND_02/550137_TECHNOBOND_4EN1.jpg
550230,TECHNOBOND 5090 10g,8411519702309,6,"18,79","22,75",uniones tecnicas,http://h2830758.stratoserver.net/DAM GENERAL/FOTOS BAJA/TECHNOBOND_02/550230_ESTUCHE TB 5090.jpg.jpg
510367,TECHNOBOND 5021 50 ML,8411519014105,6,"14,66","17,75",uniones tecnicas,http://h2830758.stratoserver.net/DAM GENERAL/FOTOS BAJA/TECHNOBOND_02/510367_TECHNOBOND_BICOMPONENTE 5021.jpg
510318,TECHNOBOND 5030 50ml,8411519014228,6,"14,66","17,75",uniones tecnicas,http://h2830758.stratoserver.net/DAM GENERAL/FOTOS BAJA/TECHNOBOND_02/510318_TECHNOBOND_BICOMPONENTE 5030.jpg
550231,TECHNOBOND 5092 50 ML,8411519702316,6,"18,33","22,2",uniones tecnicas,http://h2830758.stratoserver.net/DAM GENERAL/FOTOS BAJA/TECHNOBOND_02/550231_TECHNOBOND_BICOMPONENTE 5092.jpg
510808,CEYS CANULA MEZCLA CART 50 ML BOLSA 10 U,8411519013023,1,"17,99","21,75",uniones tecnicas,http://h2830758.stratoserver.net/DAM GENERAL/FOTOS BAJA/TECHNOBOND_02/510808_TECHNOBOND_CANULAS MEZCLADORAS.jpg
510801,CEYS PISTOLA MANUAL AD.ESTRUCT CART 50ML,8411519013016,1,"77,21","93,45",uniones tecnicas,http://h2830758.stratoserver.net/DAM GENERAL/FOTOS BAJA/TECHNOBOND_02/510801_TECHNOBOND_PISTOLA MANUAL CARTUCHO 50ML.jpg
504906,CEYS GRASA LITICA BLANCA BLISTER 100ML,8411519560022,12,"4,34","5,25",grasas y lubricantes,http://h2830758.stratoserver.net/DAM GENERAL/FOTOS BAJA/LUBRICANTES_02/504906_GRASA DE LITIO.jpg
504907,CEYS GRASA MOLIBDENO NEGRO BLISTER 100ML,8411519560039,12,"4,34","5,25",grasas y lubricantes,http://h2830758.stratoserver.net/DAM GENERAL/FOTOS BAJA/LUBRICANTES_02/504907_GRASAS DE MOLIBDENO.jpg
504902,CEYS  7 USOS AFLOJATODO DE 150ML,8411519170023,24,"3,12","3,75",grasas y lubricantes,http://h2830758.stratoserver.net/DAM GENERAL/FOTOS BAJA/LUBRICANTES_02/504902_7 USOS AFLOJATODO.jpg
504903,CEYS 7 USOS AFLOJATODO 400ML,8411519170047,12,"4,69","5,65",grasas y lubricantes,http://h2830758.stratoserver.net/DAM GENERAL/FOTOS BAJA/LUBRICANTES_02/504903_7 USOS_AFLOJATODO GRANDE.jpg
504904,CEYS 7 USOS SUPERLUBRICANTE 150ML,8411519170115,24,"3,05","3,7",grasas y lubricantes,http://h2830758.stratoserver.net/DAM GENERAL/FOTOS BAJA/LUBRICANTES_02/504904_7 USOS_MULTIUSOS.jpg
504905,CEYSIL 250ML,8411519153019,12,"7,19","8,7",grasas y lubricantes,http://h2830758.stratoserver.net/DAM GENERAL/FOTOS BAJA/LUBRICANTES_02/504905_7 USOS_ACEITE DE SILICONA.jpg
908001,CEYS MARCADOR OBRA ROJO 500ML,8411519980011,12,"6,47","7,8",marcadores de obra,http://h2830758.stratoserver.net/DAM GENERAL/FOTOS BAJA/CONSTRUCCIÓN_02/908001_MARCADOR DE OBRA_ROJO.jpg
908002,CEYS MARCADOR OBRA AMARILLO 500ML,8411519980028,12,"6,47","7,8",marcadores de obra,http://h2830758.stratoserver.net/DAM GENERAL/FOTOS BAJA/CONSTRUCCIÓN_02/908002_MARCADOR DE OBRA_AMARILLO.jpg
908003,CEYS MARCADOR OBRA NARANJA 500ML,8411519980035,12,"6,47","7,8",marcadores de obra,http://h2830758.stratoserver.net/DAM GENERAL/FOTOS BAJA/CONSTRUCCIÓN_02/908003_MARCADOR DE OBRA_NARANJA.jpg
908004,CEYS MARCADOR OBRA VERDE 500ML,8411519980042,12,"6,47","7,8",marcadores de obra,http://h2830758.stratoserver.net/DAM GENERAL/FOTOS BAJA/CONSTRUCCIÓN_02/908004_MARCADORES DE OBRA_VERDE.jpg
908005,CEYS MARCADOR OBRA FUCSIA 500ML,8411519980059,12,"6,47","7,8",marcadores de obra,http://h2830758.stratoserver.net/DAM GENERAL/FOTOS BAJA/CONSTRUCCIÓN_02/908005_MARACDORES DE OBRA_FUCSIA.jpg
908006,CEYS MARCADOR OBRA AZUL 500ML,8411519980066,12,"6,47","7,8",marcadores de obra,http://h2830758.stratoserver.net/DAM GENERAL/FOTOS BAJA/CONSTRUCCIÓN_02/908006_MARCADORES DE OBRA_AZUL.jpg
902830,AGUA STOP BARRERA TOTAL 1KG ROJO,8411519928303,4,"18,32","22,15",cubiertas,http://h2830758.stratoserver.net/DAM GENERAL/FOTOS BAJA/AGUASTOP_02/902830_AS_BARRERATOTAL_1kg_ROJO.jpg
902831,AGUA STOP BARRERA TOTAL 1KG GRIS,8411519928310,4,"18,32","22,15",cubiertas,http://h2830758.stratoserver.net/DAM GENERAL/FOTOS BAJA/AGUASTOP_02/902831_AS_BARRERATOTAL_1kg_GRIS.jpg
902837,AGUASTOP BARRERA TOTAL 1KG BLANCO,8411519928372,4,"18,32","22,15",cubiertas,http://h2830758.stratoserver.net/DAM GENERAL/FOTOS BAJA/AGUASTOP_02/902837_AS_BARRERATOTAL_1kg_BLANCO.jpg
902840,AGUA STOP BARRERA TOTAL 1KG TERRACOTA,8411519928402,4,"18,32","22,15",cubiertas,http://h2830758.stratoserver.net/DAM GENERAL/FOTOS BAJA/AGUASTOP_02/902840_AS_BARRERATOTAL_1kg_TERRACOTA.jpg
902843,AGUA STOP BARRERA TOTAL 1KG GRIS CLARO,8411519928433,4,"18,32","22,15",cubiertas,http://h2830758.stratoserver.net/DAM GENERAL/FOTOS BAJA/AGUASTOP_02/902843_AS_BARRERATOTAL_1kg_GRISCLARO.jpg
902832,AGUA STOP BARRERA TOTAL  4KG ROJO,8411519928327,2,"68,85","83,3",cubiertas,http://h2830758.stratoserver.net/DAM GENERAL/FOTOS BAJA/AGUASTOP_02/902832_AS_BARRERATOTAL_4kg_ROJO.jpg
902833,AGUA STOP BARRERA TOTAL  4KG GRIS,8411519928334,2,"68,85","83,3",cubiertas,http://h2830758.stratoserver.net/DAM GENERAL/FOTOS BAJA/AGUASTOP_02/902833_AS_BARRERATOTAL_4kg_GRIS.jpg
902838,AGUASTOP BARRERA TOTAL 4KG BLANCO,8411519928389,2,"68,85","83,3",cubiertas,http://h2830758.stratoserver.net/DAM GENERAL/FOTOS BAJA/AGUASTOP_02/902838_AS_BARRERATOTAL_4kg_BLANCO.jpg
902841,AGUA STOP BARRERA TOTAL  4KG TERRACOTA,8411519928419,2,"68,85","83,3",cubiertas,http://h2830758.stratoserver.net/DAM GENERAL/FOTOS BAJA/AGUASTOP_02/902841_AS_BARRERATOTAL_4kg_TERRACOTA.jpg
902844,AGUA STOP BARRERA TOTAL  4KG GRIS CLARO,8411519928440,2,"68,85","83,3",cubiertas,http://h2830758.stratoserver.net/DAM GENERAL/FOTOS BAJA/AGUASTOP_02/902844_AS_BARRERATOTAL_4kg_GRISCLARO.jpg
902834,AGUA STOP BARRERA TOTAL 14KG ROJO,8411519928341,1,"229,91","278,2",cubiertas,http://h2830758.stratoserver.net/DAM GENERAL/FOTOS BAJA/AGUASTOP_02/902834_AS_BARRERATOTAL_14kg_ROJO.jpg
902835,AGUA STOP BARRERA TOTAL 14KG GRIS,8411519928358,1,"229,91","278,2",cubiertas,http://h2830758.stratoserver.net/DAM GENERAL/FOTOS BAJA/AGUASTOP_02/902835_AS_BARRERATOTAL_14kg_GRIS.jpg
902839,AGUASTOP BARRERA TOTAL 14KG BLANCO,8411519928396,1,"229,91","278,2",cubiertas,http://h2830758.stratoserver.net/DAM GENERAL/FOTOS BAJA/AGUASTOP_02/902839_AS_BARRERATOTAL_14kg_BLANCO.jpg
902842,AGUA STOP BARRERA TOTAL 14KG TERRACOTA,8411519928426,1,"229,91","278,2",cubiertas,http://h2830758.stratoserver.net/DAM GENERAL/FOTOS BAJA/AGUASTOP_02/902842_AS_BARRERATOTAL_14kg_TERRACOTA.jpg
902845,AGUA STOP BARRERA TOTAL 14KG GRIS CLARO,8411519928457,1,"229,91","278,2",cubiertas,http://h2830758.stratoserver.net/DAM GENERAL/FOTOS BAJA/AGUASTOP_02/902845_AS_BARRERATOTAL_14kg_GRISCLARO.jpg
903309,AGUASTOP CAUCHO FIBRAS ROJO 1KG,8411519933093,6,"5,92","7,15",cubiertas,http://h2830758.stratoserver.net/DAM GENERAL/FOTOS BAJA/AGUASTOP_02/903309_AS_CAUCHOFIBRAS_1kg_ROJO.jpg
903310,AGUASTOP CAUCHO FIBRAS TERRACOTA 1KG,8411519933109,6,"5,92","7,15",cubiertas,http://h2830758.stratoserver.net/DAM GENERAL/FOTOS BAJA/AGUASTOP_02/903310_AS_CAUCHOFIBRAS_1kg_TERRACOTA.jpg
903311,AGUASTOP CAUCHO FIBRAS GRIS 1KG,8411519933116,6,"5,92","7,15",cubiertas,http://h2830758.stratoserver.net/DAM GENERAL/FOTOS BAJA/AGUASTOP_02/903311_AS_CAUCHOFIBRAS_1kg_GRIS.jpg
903312,AGUASTOP CAUCHO FIBRAS BLANCO 1KG,8411519933123,6,"5,92","7,15",cubiertas,http://h2830758.stratoserver.net/DAM GENERAL/FOTOS BAJA/AGUASTOP_02/903312_AS_CAUCHOFIBRAS_1kg_BLANCO.jpg
903313,AGUASTOP CAUCHO FIBRAS NEGRO 1KG,8411519933130,6,"5,92","7,15",cubiertas,http://h2830758.stratoserver.net/DAM GENERAL/FOTOS BAJA/AGUASTOP_02/903313_AS_CAUCHOFIBRAS_1kg_NEGRO.jpg
903316,AGUASTOP CAUCHO FIBRAS VERDE 1KG,8411519933161,6,"5,92","7,15",cubiertas,http://h2830758.stratoserver.net/DAM GENERAL/FOTOS BAJA/AGUASTOP_02/903316_AS_CAUCHOFIBRAS_1kg_VERDE.jpg
903301,AGUASTOP CAUCHO FIBRAS ROJO 5KG,8411519933017,2,"21,02","25,45",cubiertas,http://h2830758.stratoserver.net/DAM GENERAL/FOTOS BAJA/AGUASTOP_02/903301_AS_CAUCHOFIBRAS_5kg_ROJO.jpg
903302,AGUASTOP CAUCHO FIBRAS TERRACOTA 5KG,8411519933024,2,"21,02","25,45",cubiertas,http://h2830758.stratoserver.net/DAM GENERAL/FOTOS BAJA/AGUASTOP_02/903302_AS_CAUCHOFIBRAS_5kg_TERRACOTA.jpg
903303,AGUASTOP CAUCHO FIBRAS GRIS 5KG,8411519933031,2,"21,02","25,45",cubiertas,http://h2830758.stratoserver.net/DAM GENERAL/FOTOS BAJA/AGUASTOP_02/903303_AS_CAUCHOFIBRAS_5kg_GRIS.jpg
903304,AGUASTOP CAUCHO FIBRAS BLANCO 5KG,8411519933048,2,"21,02","25,45",cubiertas,http://h2830758.stratoserver.net/DAM GENERAL/FOTOS BAJA/AGUASTOP_02/903304_AS_CAUCHOFIBRAS_5kg_BLANCO.jpg
903314,AGUASTOP CAUCHO FIBRAS NEGRO 5KG,8411519933147,2,"21,02","25,45",cubiertas,http://h2830758.stratoserver.net/DAM GENERAL/FOTOS BAJA/AGUASTOP_02/903314_AS_CAUCHOFIBRAS_5kg_NEGRO.jpg
903317,AGUASTOP CAUCHO FIBRAS VERDE 5KG,8411519933178,2,"21,02","25,45",cubiertas,http://h2830758.stratoserver.net/DAM GENERAL/FOTOS BAJA/AGUASTOP_02/903317_AS_CAUCHOFIBRAS_5kg_VERDE.jpg
903305,AGUASTOP CAUCHO FIBRAS ROJO 20 KG,8411519933055,1,"78,46","94,95",cubiertas,http://h2830758.stratoserver.net/DAM GENERAL/FOTOS BAJA/AGUASTOP_02/903305__AS_CAUCHOFIBRAS_20kg_ROJO.jpg
903306,AGUASTOP CAUCHO FIBRAS TERRACOTA 20 KG,8411519933062,1,"78,46","94,95",cubiertas,http://h2830758.stratoserver.net/DAM GENERAL/FOTOS BAJA/AGUASTOP_02/903306__AS_CAUCHOFIBRAS_20kg_TERRACOTA.jpg
903307,AGUASTOP CAUCHO FIBRAS GRIS 20 KG,8411519933079,1,"78,46","94,95",cubiertas,http://h2830758.stratoserver.net/DAM GENERAL/FOTOS BAJA/AGUASTOP_02/903307__AS_CAUCHOFIBRAS_20kg_GRIS.jpg
903308,AGUASTOP CAUCHO FIBRAS BLANCO 20 KG,8411519933086,1,"78,46","94,95",cubiertas,http://h2830758.stratoserver.net/DAM GENERAL/FOTOS BAJA/AGUASTOP_02/903308__AS_CAUCHOFIBRAS_20kg_BLANCO.jpg
903315,AGUASTOP CAUCHO FIBRAS NEGRO 20KG,8411519933154,1,"78,46","94,95",cubiertas,http://h2830758.stratoserver.net/DAM GENERAL/FOTOS BAJA/AGUASTOP_02/903315__AS_CAUCHOFIBRAS_20kg_NEGRO.jpg
903318,AGUASTOP CAUCHO FIBRAS VERDE 20KG,8411519933185,1,"78,46","94,95",cubiertas,http://h2830758.stratoserver.net/DAM GENERAL/FOTOS BAJA/AGUASTOP_02/903318__AS_CAUCHOFIBRAS_20kg_VERDE.jpg
903330,AGUASTOP TERMIC BLANCO 5KG,8411519933307,2,"32,2","38,95",cubiertas,http://h2830758.stratoserver.net/DAM GENERAL/FOTOS BAJA/AGUASTOP_02/903330_AS_CAUCHOTERMIC_5kg_BLANCO.jpg
903331,AGUASTOP TERMIC TERRACOTA CLARO 5 KG,8411519933314,2,"32,2","38,95",cubiertas,http://h2830758.stratoserver.net/DAM GENERAL/FOTOS BAJA/AGUASTOP_02/903331_AS_CAUCHOTERMIC_5kg_TERRACOTA.jpg
903332,AGUASTOP TERMIC BLANCO 20KG,8411519933321,1,"119,26","144,3",cubiertas,http://h2830758.stratoserver.net/DAM GENERAL/FOTOS BAJA/AGUASTOP_02/903332_AS_CAUCHOTERMIC_20kg_BLANCO.jpg
903333,AGUASTOP TERMIC TERRACOTA CLARO 20KG,8411519933338,1,"119,26","144,3",cubiertas,http://h2830758.stratoserver.net/DAM GENERAL/FOTOS BAJA/AGUASTOP_02/903333_AS_CAUCHOTERMIC_20kg_TERRACOTA.jpg
903340,AGUASTOP TRANSIT ROJO 5KG,8411519933406,2,"36,07","43,6",cubiertas,http://h2830758.stratoserver.net/DAM GENERAL/FOTOS BAJA/AGUASTOP_02/903340_AS_TRANSIT_5kg_ROJO.jpg
903341,AGUASTOP TRANSIT GRIS 5KG,8411519933413,2,"36,07","43,6",cubiertas,http://h2830758.stratoserver.net/DAM GENERAL/FOTOS BAJA/AGUASTOP_02/903341_AS_TRANSIT_5kg_GRIS.jpg
903344,AGUASTOP TRANSIT TERRACOTA 5KG,8411519933444,2,"36,07","43,6",cubiertas,http://h2830758.stratoserver.net/DAM GENERAL/FOTOS BAJA/AGUASTOP_02/903344_AS_TRANSIT_5kg_TERRACOTA.jpg
903342,AGUASTOP TRANSIT ROJO 20 KG,8411519933420,1,"124,98","151,2",cubiertas,http://h2830758.stratoserver.net/DAM GENERAL/FOTOS BAJA/AGUASTOP_02/903342_AS_TRANSIT_20kg_ROJO.jpg
903343,AGUASTOP TRANSIT GRIS 20 KG,8411519933437,1,"124,98","151,2",cubiertas,http://h2830758.stratoserver.net/DAM GENERAL/FOTOS BAJA/AGUASTOP_02/903343_AS_TRANSIT_20kg_GRIS.jpg
903345,AGUASTOP TRANSIT TERRACOTA 20 KG,8411519933451,1,"124,98","151,2",cubiertas,http://h2830758.stratoserver.net/DAM GENERAL/FOTOS BAJA/AGUASTOP_02/903345_AS_TRANSIT_20kg_TERRACOTA.jpg
903360,AGUASTOP INVISIBLE 1L,8411519933604,6,"18,77","22,7",cubiertas,http://h2830758.stratoserver.net/DAM GENERAL/FOTOS BAJA/AGUASTOP_02/903360_AS_INVISIBLE_1L.jpg
903361,AGUASTOP INVISIBLE 4L,8411519933611,2,"67,58","81,75",cubiertas,http://h2830758.stratoserver.net/DAM GENERAL/FOTOS BAJA/AGUASTOP_02/903361_AS_INVISIBLE_4L.jpg
903362,AGUASTOP INVISIBLE 16L,8411519933628,1,"229,8","278,05",cubiertas,http://h2830758.stratoserver.net/DAM GENERAL/FOTOS BAJA/AGUASTOP_02/903362_AS_INVISIBLE_16L.jpg
902806,AGUASTOP INSTANTANEO CARTUCHO 300ML,8411519928068,12,"8,63","10,45",reparacion,http://h2830758.stratoserver.net/DAM GENERAL/FOTOS BAJA/AGUASTOP_02/902806_AS_INSTANTANEO_CARTUCHO.jpg
902801,AGUASTOP INSTANTANEO 1KG,8411519928013,6,"14,22","17,2",reparacion,http://h2830758.stratoserver.net/DAM GENERAL/FOTOS BAJA/AGUASTOP_02/902801_AS_INSTANTANEO_1kg.jpg
902809,AGUA STOP CINTA EXTREMA INSTANTANEA,8411519928099,6,"10,82","13,1",reparacion,http://h2830758.stratoserver.net/DAM GENERAL/FOTOS BAJA/AGUASTOP_02/902809_AS_CINTA EXTREMA_NEGRA.jpg
902853,AGUA STOP CINTA EXTREMA INSTANTÁNEA TRANSPARENTE,8411519928518,6,"10,82","13,1",reparacion,http://h2830758.stratoserver.net/DAM GENERAL/FOTOS BAJA/AGUASTOP_02/902853_AS_CINTAEXTREMA_TRANSPARENTE.jpg
902850,AGUA STOP REPARADOR TOTAL GRIS 1KG,8411519928501,4,"15,01","18,15",reparacion,http://h2830758.stratoserver.net/DAM GENERAL/FOTOS BAJA/AGUASTOP_02/902850_AS_REPARADORTOTAL_1kg.jpg
902813,AGUASTOP BANDA IMP. BUTILO TEJA 10CMX3M,8411519928136,6,"10,53","12,75",reparacion,http://h2830758.stratoserver.net/DAM GENERAL/FOTOS BAJA/AGUASTOP_02/902813_AS_BANDABUTILICA_10x3_TEJA.jpg
902814,AGUASTOP BANDA IMP. BUTILO GRIS 10CMX3M,8411519928143,6,"10,53","12,75",reparacion,http://h2830758.stratoserver.net/DAM GENERAL/FOTOS BAJA/AGUASTOP_02/902814_AS_BANDABUTILICA_10x3_GRIS.jpg
901006,AGUASTOP BANDA IMP. BUTILO TEJA 10CMX10M,8411519910063,6,"22,06","26,7",reparacion,http://h2830758.stratoserver.net/DAM GENERAL/FOTOS BAJA/AGUASTOP_02/901006_AS_BANDABUTILICA_10x10_TEJA.jpg
901005,AGUASTOP BANDA IMP. BUTILO GRIS 10CMX10M,8429243310172,6,"22,06","26,7",reparacion,http://h2830758.stratoserver.net/DAM GENERAL/FOTOS BAJA/AGUASTOP_02/901005_AS_BANDABUTILICA_10x10_GRIS.jpg
901003,AGUASTOP BANDA IMP. BUTILO TEJA 15CM,8411519910032,4,"30,98","37,5",reparacion,http://h2830758.stratoserver.net/DAM GENERAL/FOTOS BAJA/AGUASTOP_02/901003_AS_BANDABUTILICA_15x10_TEJA.jpg
901004,AGUASTOP BANDA IMP. BUTILO GRIS 15CMX10M,8429243310271,4,"30,98","37,5",reparacion,http://h2830758.stratoserver.net/DAM GENERAL/FOTOS BAJA/AGUASTOP_02/901004_AS_BANDABUTILICA_15x10_GRIS.jpg
901008,AGUASTOP BANDA IMP. BUTILO TEJA 30CMX10M,8411519910087,2,"48,71","58,95",reparacion,http://h2830758.stratoserver.net/DAM GENERAL/FOTOS BAJA/AGUASTOP_02/901008_AS_BANDABUTILICA_30x10_TEJA.jpg
901007,AGUASTOP BANDA IMP. BUTILO GRIS 30CMX10M,8411519910070,2,"48,71","58,95",reparacion,http://h2830758.stratoserver.net/DAM GENERAL/FOTOS BAJA/AGUASTOP_02/901007_AS_BANDABUTILICA_30x10_GRIS.jpg
902815,AGUASTOP INTERIOR 750,8411519928150,6,"13,35","16,15",paredes y fachadas,http://h2830758.stratoserver.net/DAM GENERAL/FOTOS BAJA/AGUASTOP_02/902815_AS_ANTIHUMEDAD_1kg.jpg
902816,AGUASTOP INTERIOR 4KG,8411519928167,2,"49,41","59,8",paredes y fachadas,http://h2830758.stratoserver.net/DAM GENERAL/FOTOS BAJA/AGUASTOP_02/902816_AS_ANTIHUMEDAD_4kg.jpg
903350,AGUASTOP HIDROFUGANTE CON ANTIMOHO 5L,8411519933505,2,"33,39","40,4",paredes y fachadas,http://h2830758.stratoserver.net/DAM GENERAL/FOTOS BAJA/AGUASTOP_02/903350_AS_HIDROFUGANTE_5L.jpg
903351,AGUASTOP HIDROFUGANTE CON ANTIMOHO 20L,8411519933512,1,"113,38","137,2",paredes y fachadas,http://h2830758.stratoserver.net/DAM GENERAL/FOTOS BAJA/AGUASTOP_02/903351_AS_HIDROFUGANTE_20L.jpg
502604,CEYS JUNTAS ENTRE AZULEJOS TUBO 200ML,8411519112023,12,"4,54","5,5",construcceys,http://h2830758.stratoserver.net/DAM GENERAL/FOTOS BAJA/CONSTRUCCIÓN_02/502604_MASILLA JUNTAS ENTRE AZULEJOS TUBO.jpg
502605,CEYS FIJAR AZULEJOS TUBO 200ML,8411519112030,12,"4,54","5,5",construcceys,http://h2830758.stratoserver.net/DAM GENERAL/FOTOS BAJA/CONSTRUCCIÓN_02/502605_MASILLA FIJAR AZULEJOS TUBO.jpg
502606,CEYS MASILLA DE RELLENO TUBO 200ML,8411519112047,12,"4,54","5,5",construcceys,http://h2830758.stratoserver.net/DAM GENERAL/FOTOS BAJA/CONSTRUCCIÓN_02/502606_MASILLA DE RELLENO TUBO.jpg
502607,CEYS ALISAR Y NIVELAR TUBO 200ML,8411519112054,12,"4,54","5,5",construcceys,http://h2830758.stratoserver.net/DAM GENERAL/FOTOS BAJA/CONSTRUCCIÓN_02/502607_MASILLA ALISAR Y NIVELAR TUBO.jpg
502608,CEYS MASILLA RAPIDA TUBO 200ML,8411519112061,12,"4,73","5,7",construcceys,http://h2830758.stratoserver.net/DAM GENERAL/FOTOS BAJA/CONSTRUCCIÓN_02/502608_MASILLA RAPIDA TUBO.jpg
502609,CEYS MASILLA REPARAR MADERA TUBO 200,8411519112078,12,"4,54","5,5",construcceys,http://h2830758.stratoserver.net/DAM GENERAL/FOTOS BAJA/CONSTRUCCIÓN_02/502609_MASILLA REPARAR MADERA TUBO.jpg
504512,PLASTCEYS MASILLA TAPAGRIETAS 250 ML.,8411519111118,12,"4,42","5,35",construcceys,http://h2830758.stratoserver.net/DAM GENERAL/FOTOS BAJA/CONSTRUCCIÓN_02/504512_PLASTCEYS TAPAGRIETAS TARRINA.jpg
502601,CEYS ALISADOS INTERIORES BOTE 1KG,8411519114010,12,"3,68","4,45",construcceys,http://h2830758.stratoserver.net/DAM GENERAL/FOTOS BAJA/CONSTRUCCIÓN_02/502601_ALISADOS INTERIORES BOTE.jpg
502602,CEYS ALISADOS EXTERIORES BOTE 1KG,8411519114027,12,"5,86","7,1",construcceys,http://h2830758.stratoserver.net/DAM GENERAL/FOTOS BAJA/CONSTRUCCIÓN_02/ALISADOS EXTERIORES BOTE.jpg
502507,CEYS PREPARADO DE YESO PARA RELLENOS 1KG,8411519113044,10,"2,87","3,5",construcceys,http://h2830758.stratoserver.net/DAM GENERAL/FOTOS BAJA/CONSTRUCCIÓN_02/502507_PREPARADO DE YESO.jpg
502509,CEYS PREPARADO DE ESCAYOLA ASLISADOS 1KG,8411519113051,10,"2,87","3,5",construcceys,http://h2830758.stratoserver.net/DAM GENERAL/FOTOS BAJA/CONSTRUCCIÓN_02/502509_PREPARADO DE ESCAYOLA.jpg
502501,CEYS CEMENTO COLA 2KG,8411519113013,10,"4,93","5,95",construcceys,http://h2830758.stratoserver.net/DAM GENERAL/FOTOS BAJA/CONSTRUCCIÓN_02/502501_CEMENTO COLA.jpg
502512,CEYS MORTERO PORTLAND 2KG,8411519113082,10,"5,08","6,15",construcceys,http://h2830758.stratoserver.net/DAM GENERAL/FOTOS BAJA/CONSTRUCCIÓN_02/502512_MORTERO PRORTLAND.jpg
507901,CEYS CLIMATIC BURL.AISL. BLANCO  6mx9mm,8411519779011,12,"4,49","5,45",burletes y perfiles,http://h2830758.stratoserver.net/DAM GENERAL/FOTOS BAJA/CLIMATIC_02/507901_BURLETE BLANCO ROLLO.jpg
507902,CLIMATIC BURL.AISL. MARRÓN 6mx9 mm,8411519779028,12,"4,49","5,45",burletes y perfiles,http://h2830758.stratoserver.net/DAM GENERAL/FOTOS BAJA/CLIMATIC_02/507902_BURLETE MARRON ROLLO.jpg
507903,CEYS CLIMATIC BURL.AISL.BLANCO 6m x 12mm,8411519779035,12,5,"6,05",burletes y perfiles,http://h2830758.stratoserver.net/DAM GENERAL/FOTOS BAJA/CLIMATIC_02/507903_BURLETE BLANCO ROLLO ANCHO.jpg
507904,CEYS CLIMATIC BURL.AISL.MARRÓN 6m x 12mm,8411519779042,12,5,"6,05",burletes y perfiles,http://h2830758.stratoserver.net/DAM GENERAL/FOTOS BAJA/CLIMATIC_02/507904_BURLETES MARRON ROLO ANCHO.jpg
705011,PASO DESATASCADOR GEL EXPRESS 1L,8411519750010,6,"5,74","6,95",paso,http://h2830758.stratoserver.net/DAM GENERAL/FOTOS BAJA/PASO_02/705011_DESATASCADOR GEL EXPRESS BOTELLA.jpg
705012,PASO ELIMINA OLORES Y LIMPTUBERÍA1L,8411519750027,6,"9,22","11,15",paso,http://h2830758.stratoserver.net/DAM GENERAL/FOTOS BAJA/PASO_02/705012_ELIMINA OLORES Y LIMPIA TUBERÍAS BOTELLA.jpg
705020,PASO DESATASCADOR TURBO MONODOSIS 70g,8411519750195,6,"3,17","3,85",paso,http://h2830758.stratoserver.net/DAM GENERAL/FOTOS BAJA/PASO_02/705020_DESATASCADOR TURBO MONODOSIS.jpg
705015,PASO DESATASCADOR TURBO 350GR,8411519750058,6,"8,31","10,05",paso,http://h2830758.stratoserver.net/DAM GENERAL/FOTOS BAJA/PASO_02/705015_DESATASCADOR TURBO 5 DOSIS.jpg
705018,PASO FOSAS SEPTICAS 16PAST.,8411519750089,6,"18,8","22,75",paso,http://h2830758.stratoserver.net/DAM GENERAL/FOTOS BAJA/PASO_02/705018_FOSAS SEPTICAS 16 PASTILLAS.jpg
700100,PASO DECAPANTE UNIVERSAL BOT 1L,8411519702026,6,"8,71","10,55",paso,http://h2830758.stratoserver.net/DAM GENERAL/FOTOS BAJA/PASO_02/700100_DECAPANTE UNIVERSAL BOTELLA.jpg
700111,PASO ELIMINA CEMENTO TERRACOTA POROSO 1L,8411519701012,6,"8,71","10,55",paso,http://h2830758.stratoserver.net/DAM GENERAL/FOTOS BAJA/PASO_02/700111_ELIMINA CEMENTO TERRACOTA.jpg
700113,PASO PROTECTORABRILL TERRACOTA POROSO,8411519701036,6,"14,44","17,5",paso,http://h2830758.stratoserver.net/DAM GENERAL/FOTOS BAJA/PASO_02/700113_PROTECTOR ABRILLANTADOR TERRACOTA.jpg
700114,PASO LIMPIADOR USO DIARIO TERRACOTA1L,8411519761047,6,"6,71","8,1",paso,http://h2830758.stratoserver.net/DAM GENERAL/FOTOS ALTA/PASO_01/700114_LIMPIADOR USO DIARIO TERRACOTA.psd
700211,PASO ELIMINA CEMENTO MARMOL 1L,8411519702019,6,"8,71","10,55",paso,http://h2830758.stratoserver.net/DAM GENERAL/FOTOS BAJA/PASO_02/700211_ELIMINA CEMENTO MARMOL.jpg
700213,PASO PROTECTOR ABRI MÁRMOL INTERIOR 1L,8411519702033,6,"14,44","17,5",paso,http://h2830758.stratoserver.net/DAM GENERAL/FOTOS BAJA/PASO_02/700213_PROTECTOR ABRILLANTADOR MARMOL.jpg
700214,PASO LIMPIADOR USODIARIO MARMOL 1L,8411519702040,6,5,"6,05",paso,http://h2830758.stratoserver.net/DAM GENERAL/FOTOS BAJA/PASO_02/700214_LIMPIADOR USO DIARIO MARMOL.jpg
700312,PASO PROTECTORABRIL PARQUET MADERA 1L,8411519703023,6,"14,44","17,5",paso,http://h2830758.stratoserver.net/DAM GENERAL/FOTOS BAJA/PASO_02/700312_PROTECTOR ABRILLANTADOR PARQUET.jpg
700313,PASO LIMPIADOR PARQUET MADERA 1L,8411519703030,6,5,"6,05",paso,http://h2830758.stratoserver.net/DAM GENERAL/FOTOS BAJA/PASO_02/700313_LIMPIADOR PARQUET MADERA.psd
700411,PASO LIMPIADOR DIARIO LAMINADOS 1L,8411519704013,6,5,"6,05",paso,http://h2830758.stratoserver.net/DAM GENERAL/FOTOS BAJA/PASO_02/700411_LIMPIADOR LAMINADOS US DIARIO.jpg
700304,PASO CERA INCOLORA PARA MADERA 250ML,8411519703047,6,"7,98","9,65",paso,http://h2830758.stratoserver.net/DAM GENERAL/FOTOS BAJA/PASO_02/700304_CERA INCOLORA ARA MADERA.jpg
703112,PASO ELIMINA GRASAS 500ML,8411519731026,6,"3,56","4,3",paso,http://h2830758.stratoserver.net/DAM GENERAL/FOTOS BAJA/PASO_02/703112_ELIMINA GRASAS PISTOLA.jpg
703111,PASO LIMPIADOR MOHO 500ML,8411519731019,6,"4,51","5,45",paso,http://h2830758.stratoserver.net/DAM GENERAL/FOTOS BAJA/PASO_02/703111_PASO ELIMINA MOHO.jpg
703011,PASO LIMPIADOR JUNTAS 500ML,8411519730012,6,"7,09","8,6",paso,http://h2830758.stratoserver.net/DAM GENERAL/FOTOS BAJA/PASO_02/703011_LIMPIADOR DE JUNTAS.jpg
703012,PASO LIMPIADOR ACERO INOX 500ML,8411519730029,6,"7,09","8,6",paso,http://h2830758.stratoserver.net/DAM GENERAL/FOTOS BAJA/PASO_02/703012_LIMPIADOR ACERO INOX.jpg
703013,PASO LIMPIA CAL Y OXIDO 500ML,8411519730036,6,"7,09","8,6",paso,http://h2830758.stratoserver.net/DAM GENERAL/FOTOS BAJA/PASO_02/703013_LIMPIADOR CAL Y OXIDO.jpg
703014,PASO LIMPIA CRISTALES ESTUFAS 500ML,8411519730043,6,"7,09","8,6",paso,http://h2830758.stratoserver.net/DAM GENERAL/FOTOS BAJA/PASO_02/703014_LIMPIADOR CRISTALES ESTUFAS.jpg
703113,PASO ELIMI.MANCHAS ALFOMBRAOQUETA500,8411519731033,6,"7,85","9,5",paso,http://h2830758.stratoserver.net/DAM GENERAL/FOTOS BAJA/PASO_02/703113_ELIMINA MANCHAS ALFOMBRAS MOQUETA.jpg
703114,PASO ELIMINA ADHESIVOS 100ML,8411519731040,6,"6,82","8,25",paso,http://h2830758.stratoserver.net/DAM GENERAL/FOTOS BAJA/PASO_02/703114_ELIMINA ADHESIVOS FRASCO.jpg
703115,PASO ELIMINA SILICONA 100ML,8411519731057,6,"9,26","11,2",paso,http://h2830758.stratoserver.net/DAM GENERAL/FOTOS BAJA/PASO_02/703115_ELIMINA SILICONA FRASO.jpg
702011,PASO ELIMINADOR ALGASYVERDIN BOT 1L,8411519720013,6,"9,82","11,9",paso,http://h2830758.stratoserver.net/DAM GENERAL/FOTOS BAJA/PASO_02/702011_LIMPIADOR ALGAS Y VERDÍN.jpg
702012,PASO LIMPIADOR PLASTICOS Y PVC500ML,8411519720020,6,"7,09","8,6",paso,http://h2830758.stratoserver.net/DAM GENERAL/FOTOS BAJA/PASO_02/702012_LIMPIADOR PLASTICOS Y PVC.jpg
702013,PASO RENOVADOR TECA LATA 1L,8411519720037,6,"11,48","13,9",paso,http://h2830758.stratoserver.net/DAM GENERAL/FOTOS BAJA/PASO_02/702013_RENOVADOR DE TECA LATA.jpg
700400,PASO 2016 DECAPANTE UNIVERSAL 5L,8411519704006,2,"28,85","34,9",paso,http://h2830758.stratoserver.net/DAM GENERAL/FOTOS BAJA/PASO_02/700400_DECAPANTE UNIVERSAL 5L.jpg
700118,PASO ELIMINA CEMENTO TERRAC POROSO 5L,8411519701180,2,"28,85","34,9",paso,http://h2830758.stratoserver.net/DAM GENERAL/FOTOS BAJA/PASO_02/700118_ELIMINA CEMENTO TERRACOTA 5L.jpg
704001,PASO HUMIBOX NEUTRO 10 UNITS 250G,8411519740011,10,"6,34","7,7",paso,http://h2830758.stratoserver.net/DAM GENERAL/FOTOS BAJA/PASO_02/704001_HUMIBOX NEUTRO.jpg
704002,PASO Humibox lavanda 10 unids 2x60G,8411519740028,10,"6,93","8,4",paso,http://h2830758.stratoserver.net/DAM GENERAL/FOTOS BAJA/PASO_02/704002_HUMIBOX LAVANDA.jpg
501112,PASO HUMIBOX ANTIHUMEDAD DISPOSITIVO 450G,8411519490015,6,"7,44",9,paso,http://h2830758.stratoserver.net/DAM GENERAL/FOTOS BAJA/AGUASTOP_02/902815_AS_ANTIHUMEDAD_1kg.jpg
