header,title,descripcion,marca,categoria,ean,peso,unidades,precio,imagen
Pala-plana-para-de-jardin-mango-de-madera-y-acero-de-carbono-114cm,Pala plana para de jardin mango de madera y acero de carbono 114cm,Pala plana de jardin con mango de madera y acero de carbono 114cm,PRO GARDEN,Jardín,5709386977252,1538,14,19.95,https://api.elektro3.com/images/products/74738.jpg
Pala-con-punta-para-jardin-mango-de-madera-y-acero-de-carbono-114cm,Pala con punta para jardin mango de madera y acero de carbono 114cm,Pala con punta para jardin mango de madera y acero de carbono 114cm,PRO GARDEN,Jardín,5709386977269,1570,47,19.95,https://api.elektro3.com/images/products/74739.jpg
Perforadora-de-jardin-ø15cm-acero,Perforadora de jardin ø15cm acero,Perforadora de jardin ø15cm acero 120cm altura con mango de 39cm,PRO GARDEN,Jardín,5709386975678,2574,37,31.95,https://api.elektro3.com/images/products/74735.jpg
Mini-pala-plegable-multifuncional,Mini pala plegable multifuncional,"Mini pala plegable multifuncional. herramienta perfecta para acampar al aire libre. 41,5x4,5x9,5cm",PRO GARDEN,Jardín,8718375334577,442,61,9.99,https://api.elektro3.com/images/products/08395.jpg
"Azada-16x22,5cm","Azada 16x22,5cm","Azada 16x22,5cm",PRO GARDEN,Jardín,8711252921990,268,0,4.45,https://api.elektro3.com/images/products/90367.jpg
Caja-de-compostaje-380l-negra,Caja de compostaje 380l negra,Caja de compostaje 380l negra 82.6x71.9x71.9cm peso aprox. 5.45kg,PRO GARDEN,Jardín,8711252078656,6000,18,59.95,https://api.elektro3.com/images/products/90368.jpg
Casita-para-pajaros-de-madera-22cm,Casita para pajaros de madera 22cm,"Casita para pajaros de madera 15,5x13x22cm",PRO GARDEN,Jardín,8719202551440,300,62,11.25,https://api.elektro3.com/images/products/06298.jpg
"Tutor-de-bamboo-para-plantas-1,1x120cm","Tutor de bamboo para plantas 1,1x120cm","Tutor de bamboo para plantas 1,1x120cm",PRO GARDEN,Jardín,5709388102294,68,571,1.35,https://api.elektro3.com/images/products/73692.jpg
"Tutor-de-bamboo-para-plantas-1,1x150cm","Tutor de bamboo para plantas 1,1x150cm","Tutor de bamboo para plantas 1,1x150cm",PRO GARDEN,Jardín,5709386102302,54,390,1.55,https://api.elektro3.com/images/products/73693.jpg
"Tutor-de-bamboo-para-plantas-1,1x180cm","Tutor de bamboo para plantas 1,1x180cm","Tutor de bamboo para plantas 1,1x180cm",PRO GARDEN,Jardín,5709386102319,110,1000,1.75,https://api.elektro3.com/images/products/73694.jpg
Pala-de-jardineria,Pala de jardineria,Pala de jardineria. asa de madera solida. cabeza de acero galvanizado. 29.5x8.4cm 120gr,PRO GARDEN,Jardín,8719202881615,144,114,3.4,https://api.elektro3.com/images/products/74743.jpg
Antorcha-de-bamboo-color-natural-150cm,Antorcha de bamboo color natural 150cm,Antorcha de bamboo color natural 150cm,PRO GARDEN,Jardín,8719202537918,370,157,6.75,https://api.elektro3.com/images/products/81212.jpg
Antorcha-de-bamboo-de-jardin-con-led,Antorcha de bamboo de jardin con led,Antorcha de bamboo de jardin con led. contenedor de cristal con vela perfumada al 3%. luz led que cambia de color. largo total 77cm. pilas 2xcr2032b incluidas. el led funciona en cuanto se enciende la vela,PRO GARDEN,Jardín,8719202547634,360,168,8.99,https://api.elektro3.com/images/products/81213.jpg
*ult.-unidades*--plantador-de-bulbo,*ult. unidades*  plantador de bulbo,"Plantador de bulbo. asa de madera solida y cabeza de acero galvanizado. 11x22,5cm 235g",PRO GARDEN,Jardín,8719202881752,220,557,4.95,https://api.elektro3.com/images/products/90288.jpg
Cultivador-3-puas,Cultivador 3 puas,"Cultivador 3 puas. cabeza de acero galvanizado. asa de madera solida. 28,5x10cm 150g",PRO GARDEN,Jardín,8719202881660,160,67,3.85,https://api.elektro3.com/images/products/90307.jpg
Azada-binadora-3-puntas-con-pala-recta,Azada binadora 3 puntas con pala recta,"Azada binadora 3 puntas con pala recta. asa de madera solida, cabeza de acero galvanizado. 18x27cm 170g",PRO GARDEN,Jardín,8719202881721,156,234,4.5,https://api.elektro3.com/images/products/90308.jpg
Pala-verde,Pala verde,Pala verde 30x10x6cm 80gr,PRO GARDEN,Jardín,8718158185457,90,171,2.35,https://api.elektro3.com/images/products/90324.jpg
Set-para-plantar-plantas-de-jardin-47pcs,Set para plantar plantas de jardin 47pcs,Set para plantar plantas de jardin 47pcs,PRO GARDEN,Jardín,5709386717483,292,126,9.99,https://api.elektro3.com/images/products/75331.jpg
*ult.-unidades*-indicador-plantas-mini-pizarra-11cm,*ult. unidades* indicador plantas mini pizarra 11cm,Indicador plantas mini pizarra 11cm 3 modelos surtidos 60x15x115mm,PRO GARDEN,Jardín,8718158514196,8,182,0.49,https://api.elektro3.com/images/products/90304.jpg
*ult.-unidades*-indicador-plantas-mini-pizarra-7x7cm,*ult. unidades* indicador plantas mini pizarra 7x7cm,Indicador plantas mini pizarra 7x7cm 2 modelos surtidos,PRO GARDEN,Jardín,8711295497438,12,1000,0.79,https://api.elektro3.com/images/products/90305.jpg
*ult.-unidades*-semillero-en-bandeja-para-12-macetas,*ult. unidades* semillero en bandeja para 12 macetas,"Semillero en bandeja para 12 macetas 21x17xh4,5cm",PRO GARDEN,Jardín,8711295973840,84,0,2.25,https://api.elektro3.com/images/products/90326.jpg
Semillero-en-bandeja-para-12-macetas-set-de-3-piezas-18.5x14xh5.5cm,Semillero en bandeja para 12 macetas set de 3 piezas 18.5x14xh5.5cm,Semillero en bandeja para 12 macetas set de 3 piezas 18.5x14xh5.5cm,PRO GARDEN,Jardín,8711295973376,46,0,1.9,https://api.elektro3.com/images/products/90333.jpg
Antorcha-de-bamboo-color-negro-150cm,Antorcha de bamboo color negro 150cm,Antorcha de bamboo color negro 150cm,PRO GARDEN,Jardín,8719202537833,336,334,7.65,https://api.elektro3.com/images/products/81211.jpg
Guantes-infantiles-para-jardineria-modelos-varios,Guantes infantiles para jardineria modelos varios,Guantes infantiles para jardineria modelos varios. talla unica 18cm,PRO GARDEN,Jardín,8719987295577,36,0,3.85,https://api.elektro3.com/images/products/74116.jpg
*ult.unidades*-malla-anti-malas-hierbas-150x500cm,*ult.unidades* malla anti malas hierbas 150x500cm,Malla anti malas hierbas 150x500cm,PRO GARDEN,Jardín,8719202889284,126,0,3.85,https://api.elektro3.com/images/products/74118.jpg
Tijeras-de-poda-cuchilla-185mm,Tijeras de poda cuchilla 185mm,Tijeras de poda cuchilla 185mm,PRO GARDEN,Jardín,8719202963328,110,336,4.5,https://api.elektro3.com/images/products/74119.jpg
Saco-de-jardin-con-muelle-87-litros,Saco de jardin con muelle 87 litros,Saco de  jardin con muelle 87 litros,PRO GARDEN,Jardín,8719987026119,336,47,11.9,https://api.elektro3.com/images/products/74120.jpg
Maceta-inyeccion-verde-ø-28cm-para-balcon,Maceta inyeccion verde ø 28cm para balcon,Maceta inyeccion verde ø 28cm para balcon,PRO GARDEN,Jardín,8719987498350,374,59,6.95,https://api.elektro3.com/images/products/74824.jpg
Maceta-inyeccion-antracita-ø-25cm,Maceta inyeccion antracita ø 25cm,Maceta inyeccion antracita superior: ø 25cm inferior ø22.5cm altura 25cm,PRO GARDEN,Jardín,8711295353864,216,101,4.85,https://api.elektro3.com/images/products/74825.jpg
Maceta-inyeccion-antracita-ø-20cm,Maceta inyeccion antracita ø 20cm,Maceta inyeccion antracita ø 20cm inferior ø18cm altura 20cm,PRO GARDEN,Jardín,8719202841756,138,68,3.6,https://api.elektro3.com/images/products/74826.jpg
Maceta-inyeccion-verde-ø-25cm,Maceta inyeccion verde ø 25cm,Maceta inyeccion verde ø 25cm inferior ø22cm altura 25cm,PRO GARDEN,Jardín,8719987498374,222,119,4.85,https://api.elektro3.com/images/products/74828.jpg
Maceta-inyeccion-verde-ø-30cm,Maceta inyeccion verde ø 30cm,Maceta inyeccion verde ø 30cm,PRO GARDEN,Jardín,8719987498381,330,57,7.4,https://api.elektro3.com/images/products/74829.jpg
Maceta-inyeccion-verde-ø-35cm,Maceta inyeccion verde ø 35cm,Maceta inyeccion verde ø 35cm,PRO GARDEN,Jardín,8719987498398,482,37,11.25,https://api.elektro3.com/images/products/74832.jpg
Maceta-inyeccion-gris-ø-20cm,Maceta inyeccion gris ø 20cm,Maceta inyeccion gris ø 20cm,PRO GARDEN,Jardín,8719987487910,138,110,3.6,https://api.elektro3.com/images/products/74833.jpg
Maceta-inyeccion-gris-ø-25cm,Maceta inyeccion gris ø 25cm,Maceta inyeccion gris ø 25cm,PRO GARDEN,Jardín,8719987487927,218,70,4.85,https://api.elektro3.com/images/products/74835.jpg
Maceta-inyeccion-gris-ø-30cm,Maceta inyeccion gris ø 30cm,Maceta inyeccion gris ø 30cm,PRO GARDEN,Jardín,8719987487934,336,0,7.4,https://api.elektro3.com/images/products/74836.jpg
Maceta-inyeccion-gris-ø-35cm,Maceta inyeccion gris ø 35cm,Maceta inyeccion gris ø 35cm,PRO GARDEN,Jardín,8719987487941,484,22,11.25,https://api.elektro3.com/images/products/74837.jpg
Maceta-inyeccion-gris-ø-28cm-para-balcones,Maceta inyeccion gris ø 28cm para balcones,Maceta inyeccion gris ø 28cm para balcones,PRO GARDEN,Jardín,8719987488290,372,87,8.3,https://api.elektro3.com/images/products/74838.jpg
Maceta-inyeccion-antracita-ø-28cm-para-balcones,Maceta inyeccion antracita ø 28cm para balcones,Maceta inyeccion antracita ø 28cm para balcones,PRO GARDEN,Jardín,8718158552372,373,111,6.95,https://api.elektro3.com/images/products/74839.jpg
Antorcha-acero-inox-115cm,Antorcha acero inox 115cm,Antorcha acero inox 115cm. incluye tapa de seguridad. diametro de cilindro 5x20cm. incluye mecha.ocupa poco espacio para el guardado gracias a que es desmontable.,PRO GARDEN,Jardín,8719202515992,276,24,17.35,https://api.elektro3.com/images/products/81209.jpg
Caja-de-compostaje-450l-negra,Caja de compostaje 450l negra,Caja de compostaje 450l negra. medidas: 80x12x80cm,PRO GARDEN,Jardín,8711295622533,6500,30,79.95,https://api.elektro3.com/images/products/90418.jpg
Maceta-inyeccion-verde-ø-20cm,Maceta inyeccion verde ø 20cm,Maceta inyeccion verde ø 20cm inferior ø18cm altura 20cm,PRO GARDEN,Jardín,8719987498367,138,60,3.6,https://api.elektro3.com/images/products/74827.jpg
Plato-inyeccion-maceta--ø14cm-color-crudo,Plato inyeccion maceta  ø14cm color crudo,Plato inyeccion  maceta  ø14cm color crudo para macetas de 18cm,PRO GARDEN,Jardín,8412524442259,56,42,0.6,https://api.elektro3.com/images/products/74910.jpg
Plato-inyeccion-maceta--ø17cm-color-crudo,Plato inyeccion maceta  ø17cm color crudo,Plato inyeccion maceta  ø17cm color crudo para macetas de 22cm,PRO GARDEN,Jardín,8412524442297,36,66,0.85,https://api.elektro3.com/images/products/74911.jpg
Plato-inyeccion-maceta-ø20cm-color-crudo,Plato inyeccion maceta ø20cm color crudo,Plato inyeccion maceta ø20cm color crudo para macetas de 26cm,PRO GARDEN,Jardín,8412524442334,56,0,1.25,https://api.elektro3.com/images/products/74912.jpg
Plato-inyeccion-maceta-ø24cm-color-crudo,Plato inyeccion maceta ø24cm color crudo,Plato inyeccion maceta ø24cm color crudo para macetas de 32cm,PRO GARDEN,Jardín,8412524442372,102,10,1.7,https://api.elektro3.com/images/products/74913.jpg
Plato-inyeccion-maceta--ø14cm-color-taupe,Plato inyeccion maceta  ø14cm color taupe,Plato inyeccion maceta  ø14cm color taupe para macetas de 18cm,PRO GARDEN,Jardín,8412524442266,24,57,0.6,https://api.elektro3.com/images/products/74915.jpg
Plato-inyeccion-maceta--ø17cm-color-taupe,Plato inyeccion maceta  ø17cm color taupe,Plato inyeccion maceta  ø17cm color taupe para macetas de 22cm,PRO GARDEN,Jardín,8412524442303,42,12,0.85,https://api.elektro3.com/images/products/74916.jpg
Plato-inyeccion-maceta-ø20cm-color-taupe,Plato inyeccion maceta ø20cm color taupe,Plato inyeccion maceta ø20cm color taupe para macetas de 26cm,PRO GARDEN,Jardín,8412524442341,60,44,1.25,https://api.elektro3.com/images/products/74917.jpg
Plato-inyeccion-maceta-ø24cm-color-taupe,Plato inyeccion maceta ø24cm color taupe,Plato inyeccion maceta ø24cm color taupe para macetas de 32cm,PRO GARDEN,Jardín,8412524442389,110,53,1.7,https://api.elektro3.com/images/products/74918.jpg
Plato-inyeccion-maceta--ø14cm-color-bronce,Plato inyeccion maceta  ø14cm color bronce,Plato inyeccion maceta  ø14cm color bronce para macetas de 18cm,PRO GARDEN,Jardín,8412524118178,22,17,0.6,https://api.elektro3.com/images/products/74919.jpg
Plato-inyeccion-maceta--ø17cm-color-bronce,Plato inyeccion maceta  ø17cm color bronce,Plato inyeccion maceta  ø17cm color bronce para macetas de 22cm,PRO GARDEN,Jardín,8412524118185,42,61,0.85,https://api.elektro3.com/images/products/74920.jpg
Plato-inyeccion-maceta-ø20cm-color-bronce,Plato inyeccion maceta ø20cm color bronce,Plato inyeccion maceta ø20cm color bronce para macetas de 26cm,PRO GARDEN,Jardín,8412524118192,60,53,1.25,https://api.elektro3.com/images/products/74921.jpg
Plato-inyeccion-maceta-ø24cm-color-bronce,Plato inyeccion maceta ø24cm color bronce,Plato inyeccion maceta ø24cm color bronce para macetas de 32cm,PRO GARDEN,Jardín,8412524118208,100,0,1.7,https://api.elektro3.com/images/products/74922.jpg
Maceta-inyeccion-cuenco-ø18cm-color-crudo,Maceta inyeccion cuenco ø18cm color crudo,Maceta inyeccion cuenco ø18cm color crudo,PRO GARDEN,Jardín,8412524442495,118,107,1.6,https://api.elektro3.com/images/products/74923.jpg
Maceta-inyeccion-cuenco-ø22cm-color-crudo,Maceta inyeccion cuenco ø22cm color crudo,Maceta inyeccion cuenco ø22cm color crudo,PRO GARDEN,Jardín,8412524442532,206,76,2.45,https://api.elektro3.com/images/products/74924.jpg
Maceta-inyeccion-cuenco-ø26cm-color-crudo,Maceta inyeccion cuenco ø26cm color crudo,Maceta inyeccion cuenco ø26cm color crudo,PRO GARDEN,Jardín,8412524442570,318,159,3.35,https://api.elektro3.com/images/products/74925.jpg
Maceta-inyeccion-cuenco-ø32cm-color-crudo,Maceta inyeccion cuenco ø32cm color crudo,Maceta inyeccion cuenco ø32cm color crudo,PRO GARDEN,Jardín,8412524442617,542,41,6.55,https://api.elektro3.com/images/products/74926.jpg
Maceta-inyeccion-cuenco-ø18cm-color-taupe,Maceta inyeccion cuenco ø18cm color taupe,Maceta inyeccion cuenco ø18cm color taupe,PRO GARDEN,Jardín,8412524442501,130,153,1.6,https://api.elektro3.com/images/products/74927.jpg
Maceta-inyeccion-cuenco-ø22cm-color-taupe,Maceta inyeccion cuenco ø22cm color taupe,Maceta inyeccion cuenco ø22cm color taupe,PRO GARDEN,Jardín,8412524442549,226,0,2.45,https://api.elektro3.com/images/products/74928.jpg
Maceta-inyeccion-cuenco-ø26cm-color-taupe,Maceta inyeccion cuenco ø26cm color taupe,Maceta inyeccion cuenco ø26cm color taupe,PRO GARDEN,Jardín,8412524442587,316,0,3.35,https://api.elektro3.com/images/products/74929.jpg
Maceta-inyeccion-cuenco-ø32cm-color-taupe,Maceta inyeccion cuenco ø32cm color taupe,Maceta inyeccion cuenco ø32cm color taupe,PRO GARDEN,Jardín,8412524442624,580,59,6.55,https://api.elektro3.com/images/products/74930.jpg
Maceta-inyeccion-cuenco-ø18cm-color-bronce,Maceta inyeccion cuenco ø18cm color bronce,Maceta inyeccioncuenco ø18cm color bronce,PRO GARDEN,Jardín,8412524118239,124,31,1.6,https://api.elektro3.com/images/products/74931.jpg
Maceta-inyeccion-cuenco-ø22cm-color-bronce,Maceta inyeccion cuenco ø22cm color bronce,Maceta inyeccion cuenco ø22cm color bronce,PRO GARDEN,Jardín,8412524118246,220,5,2.45,https://api.elektro3.com/images/products/74932.jpg
Maceta-inyeccion-cuenco-ø32cm-color-bronce,Maceta inyeccion cuenco ø32cm color bronce,Maceta inyeccion cuenco ø32cm color bronce,PRO GARDEN,Jardín,8412524118260,584,0,6.55,https://api.elektro3.com/images/products/74934.jpg
Cesped-artificial-graceful-20mm-1x5mts-edm,Cesped artificial graceful 20mm 1x5mts edm,"Cesped artificial graceful 20mm 1x5mts edm. 25200 puntadas/m2. hilo pe+pp, rebestimiento latex, parte trasera pp.",PRO GARDEN,Jardín,8425998758269,7000,64,79.1,https://api.elektro3.com/images/products/75826.jpg
Cesped-artificial-graceful-20mm-2x5mts-edm,Cesped artificial graceful 20mm 2x5mts edm,"Cesped artificial graceful 20mm 2x5mts edm. 25200 puntadas/m2. hilo pe+pp, rebestimiento latex, parte trasera pp.",PRO GARDEN,Jardín,8425998758276,14000,49,146.9,https://api.elektro3.com/images/products/75827.jpg
Cesped-artificial-graceful-30mm-1x5mts-edm,Cesped artificial graceful 30mm 1x5mts edm,"Cesped artificial graceful 30mm 1x5mts edm. 25200 puntadas/m2. hilo pe+pp, rebestimiento latex, parte trasera pp.",PRO GARDEN,Jardín,8425998758283,10000,21,92.85,https://api.elektro3.com/images/products/75828.jpg
Cesped-artificial-graceful-30mm-2x5mts-edm,Cesped artificial graceful 30mm 2x5mts edm,"Cesped artificial graceful 30mm 2x5mts edm. 25200 puntadas/m2. hilo pe+pp, rebestimiento latex, parte trasera pp.",PRO GARDEN,Jardín,8425998758290,18000,50,172.4,https://api.elektro3.com/images/products/75829.jpg
Cesped-artificial-graceful-40mm-1x5mts-edm,Cesped artificial graceful 40mm 1x5mts edm,"Cesped artificial graceful 40mm 1x5mts edm. 25200 puntadas/m2. hilo pe+pp, rebestimiento latex, parte trasera pp.",PRO GARDEN,Jardín,8425998758344,11000,21,99.95,https://api.elektro3.com/images/products/75834.jpg
Cesped-artificial-graceful-40mm-2x5mts-edm,Cesped artificial graceful 40mm 2x5mts edm,"Cesped artificial graceful 40mm 2x5mts edm. 25200 puntadas/m2. hilo pe+pp, rebestimiento latex, parte trasera pp.",PRO GARDEN,Jardín,8425998758351,21000,69,185.6,https://api.elektro3.com/images/products/75835.jpg
Seto-artificial-1x3mts,Seto artificial 1x3mts,"Seto artificial 1x3mts seto artificial mixto con laminas de pvc entretegido con alambre plastificado verde. maxima seguridad: los extremos de las varillas estan dobladas para evitad daños, sin necesidad de manteinimiento. material 100% pvc  85% ocultacion, con tratamiento anti-uv. auto-extinguible, nº de varillas por metro lineal: 36. grosor de alambre 0,7mm, dimension de las hojas 72x2mm",PRO GARDEN,Jardín,,2344,205,26.7,https://api.elektro3.com/images/products/75822.jpg
Pegamento-para-cesped-nort-glue-600gr,Pegamento para cesped nort glue 600gr,"Pegamento para cesped nort glue 600gr. adhesivo de poliuretano d4 resisitente al agua, de secado rapido, maxima fuerza adhesiva y con capacidad de relleno. pegado de madera, laminados, dm, aglomerados, entre si y sobre la mayoria de materiales porosos y no porosos utilizados en la construccions. tiempo de prensado: de 8 a 12 horas",PRO GARDEN,Jardín,,636,80,18.95,https://api.elektro3.com/images/products/75979.jpg
Big-bag-90x90x100cm-escombros,Big bag 90x90x100cm escombros,Big bag 90x90x100cm escombros,PRO GARDEN,Jardín,8435584416343,936,16,7.65,https://api.elektro3.com/images/products/47205.jpg
Big-bag-90x90x90cm-c/valvula-,Big bag 90x90x90cm c/valvula ,Big bag 90x90x90cm c/valvula,PRO GARDEN,Jardín,8435584416350,852,0,8.55,https://api.elektro3.com/images/products/47206.jpg
Saco-de-rafia-50x80cm,Saco de rafia 50x80cm,Saco de rafia 50x80cm,PRO GARDEN,Jardín,8435584415971,48,0,0.5,https://api.elektro3.com/images/products/47208.jpg
Maceta-plastico-con-terminacion-zinc-27x31cm,Maceta plastico con terminacion zinc 27x31cm,Maceta plastico con terminacion zinc 27x31cm,PRO GARDEN,Jardín,8718861700497,744,13,23.7,https://api.elektro3.com/images/products/83485.jpg
Maceta-plastico-con-terminacion-zinc-32x37cm,Maceta plastico con terminacion zinc 32x37cm,Maceta plastico con terminacion zinc 32x37cm,PRO GARDEN,Jardín,8718861700503,1028,8,32.6,https://api.elektro3.com/images/products/83486.jpg
Maceta-plastico-con-terminacion-zinc-39x45cm,Maceta plastico con terminacion zinc 39x45cm,Maceta plastico con terminacion zinc 39x45cm,PRO GARDEN,Jardín,8718861700510,1538,6,49.8,https://api.elektro3.com/images/products/83487.jpg
Seto-artificial-1'5x3mts,Seto artificial 1'5x3mts,"Seto artificial 1'5x3mts seto artificial mixto con laminas de pvc entretegido con alambre plastificado verde. maxima seguridad: los extremos de las varillas estan dobladas para evitad daños, sin necesidad de manteinimiento. material 100% pvc  85% ocultacion, con tratamiento anti-uv. auto-extinguible, nº de varillas por metro lineal: 36. grosor de alambre 0,7mm, dimension de las hojas 72x2mm",PRO GARDEN,Jardín,8413246203432,3556,170,45.1,https://api.elektro3.com/images/products/75823.jpg
Maceta-inyeccion-cuenco-ø26cm-color-bronce,Maceta inyeccion cuenco ø26cm color bronce,Maceta inyeccion cuenco ø26cm color bronce,PRO GARDEN,Jardín,8412524118253,338,0,3.35,https://api.elektro3.com/images/products/74933.jpg
Ducha-de-jardin-con-tripode-blue-bird,Ducha de jardin con tripode blue bird,Ducha de jardin con tripode blue bird,PRO GARDEN,Jardín,8426375520943,860,147,27.95,https://api.elektro3.com/images/products/74555.jpg
Rastrillo-grande-jardin-edm,Rastrillo grande jardin edm,Rastrillo grande jardin 116cm longitud tamaño rastrillo 55x31cm edm,PRO GARDEN,Jardín,8425998746952,442,325,13.3,https://api.elektro3.com/images/products/74695.jpg
Rastrillo-pequeño--jardin-edm,Rastrillo pequeño  jardin edm,Rastrillo pequeño jardin 116cm longitud tamaño rastrillo 44x23cm edm,PRO GARDEN,Jardín,8425998746969,432,557,12.6,https://api.elektro3.com/images/products/74696.jpg
Sustrato-universal-10l-bures,Sustrato universal 10l bures,"Sustrato universal 10l bures aplicacion universal para todo tipo de plantas, preparado a base de mantillo y turba rubia de sphagnum",PRO GARDEN,Jardín,8421557310220,5120,628,3.95,https://api.elektro3.com/images/products/74040.jpg
Sustrato-terratest-5l-bures,Sustrato terratest 5l bures,"Sustrato terratest 5l bures sustrato economico para plantas preparado a base de mantillo, ideal para el transplante de arbustos y planta mediterranea, parterres de flor y plantas de huerta",PRO GARDEN,Jardín,8421557318219,2560,519,2.2,https://api.elektro3.com/images/products/74041.jpg
Sustrato-terratest-10l-bures,Sustrato terratest 10l bures,"Sustrato terratest 10l bures sustrato economico para plantas preparado a base de mantillo, ideal para el transplante de arbustos y planta mediterranea, parterres de flor y plantas de huerta",PRO GARDEN,Jardín,8421557318226,4730,261,3.4,https://api.elektro3.com/images/products/74042.jpg
Taladro-percutor----500w---edm,Taladro percutor  - 500w - edm,Taladro percutor electrico de potencia 500w - velocidad variable de 0 a 2600 rpm con control de potencia - portabrocas automatico de ø 13mm - mango ergonomico de tacto suave - mango adicional con varilla de profundidad - 2m de cable  - dimensiones: 20x27cm - voltaje: 220/240v - 50hz - edm,KOMA TOOLS,Herramientas eléctricas,8425998087000,1746,250,24.95,https://api.elektro3.com/images/products/08700.jpg
Taladro-percutor----710w---edm,Taladro percutor  - 710w - edm,Taladro percutor electrico de potencia 710w - velocidad variable de 0 a 2600 rpm con control de potencia - portabrocas automatico de ø 13 mm - mango ergonomico de tacto suave - mango adicional con varilla de profundidad - 2 m de cable - dimensiones: 21x30 cm - voltaje: 220/240v - 50hz - edm,KOMA TOOLS,Herramientas eléctricas,8425998087017,2122,1000,34.95,https://api.elektro3.com/images/products/08701.jpg
Amoladora---900w---edm,Amoladora - 900w - edm,Amoladora electrica de potencia 900w para disco ø115mm - velocidad de 0 a 11000 rpm con interruptor de seguridad - mango ergonomico de tacto suave - mango adicional - 2m de cable - maletín de transporte (no incluye disco) -  dimensiones: 40x22cm - voltaje: 230/240v - 50hz - edm,KOMA TOOLS,Herramientas eléctricas,8425998087024,3364,1000,39.95,https://api.elektro3.com/images/products/08702.jpg
"Taladro-/-atornillador---a-bateria---lithium-ion---14,4v---edm","Taladro / atornillador - a bateria - lithium-ion - 14,4v - edm","Taladro atornillador de bateria lithium-ion de 14,4v y 1500 mah velocidad variable de 0 a 700 rpm 18nm - tiempo de carga 1 hora - potencia regulable - portabrocas automatico de ø10mm - rotación izquierda/derecha - mango ergonomico de tacto suave - luz led para iluminar el punto de trabajo - accesorios: maletin de transporte - 1 punta de destornillador reversible (philips-plana) - 2 baterias lithium-ion 14,4v y 1500 mah - cargador - soporte para colgar en el cinturon - dimensiones: 20x24cm - edm",KOMA TOOLS,Herramientas eléctricas,8425998087031,2210,1000,69.95,https://api.elektro3.com/images/products/08703.jpg
Caladora---580w---edm,Caladora - 580w - edm,Caladora electrica de potencia 580w - velocidad en vacio de 0 a 3000 rpm con control de potencia - mango ergonomico de tacto suave - 2 m de cable- toma de aspiracion - accesorios: boquilla de conexión de aspirador + 1 sierra de madera + 1 varilla de profundidad + 1  llave exagonal - voltaje:  230/240v - 50hz - dimensiones: 25x26 cm edm,KOMA TOOLS,Herramientas eléctricas,8425998087055,2058,0,39.95,https://api.elektro3.com/images/products/08705.jpg
Lijadora-orbital---150w---edm,Lijadora orbital - 150w - edm,"Lijadora orbital electrica de potencia 150w - velocidad en vacio de 0 a 11000 rpm - mango ergonomico de tacto suave - 2 m de cable- toma de aspiracion - accesorios: 1  lija 9-120 + boquilla de conexión de aspirador - dimensiones: 9x18,7cm - voltaje: 230/240v - 50hz - edm",KOMA TOOLS,Herramientas eléctricas,8425998087062,1476,1000,24.95,https://api.elektro3.com/images/products/08706.jpg
"Bateria-recambio---lithium-ion---14,4v-para-taladro/atornillador-ref:-08703","Bateria recambio - lithium-ion - 14,4v para taladro/atornillador ref: 08703","Bateria recambio - lithium-ion - 14,4v para taladro/atornillador ref: 08703",KOMA TOOLS,Herramientas eléctricas,8425998087307,262,126,14.95,https://api.elektro3.com/images/products/08730.jpg
Cargador-recambio---para-taladro/atornillador-ref:-08703,Cargador recambio - para taladro/atornillador ref: 08703,Cargador recambio para taladro/atornillador 08703,KOMA TOOLS,Herramientas eléctricas,8425998087314,78,230,4.95,https://api.elektro3.com/images/products/08731.jpg
Set-5-hojas-para-sierra-de-calar-ref:-08705-y-ref:-08754,Set 5 hojas para sierra de calar ref: 08705 y ref: 08754,Set 5 hojas para sierra de calar ref: 08705 y ref: 08754 3 x madera hcs 12tpi - 2 x metal hss 21tpi,KOMA TOOLS,Herramientas eléctricas,8425998087321,30,299,4.55,https://api.elektro3.com/images/products/08732.jpg
Set-5-lijas-para-lijadora-ref:-08706,Set 5 lijas para lijadora ref: 08706,Set 5 lijas para lijadora ref: 08706 - incluye: 1xp60 2xp80 2xp120,KOMA TOOLS,Herramientas eléctricas,8425998087338,54,1000,1.95,https://api.elektro3.com/images/products/08733.jpg
Aspiradora-de-cenizas---800w---edm,Aspiradora de cenizas - 800w - edm,Aspiradora de cenizas - 800w - 10litros - 2mts de cable - filtro lavable - conducto giratorio 360º - temperatura maxima de la ceniza 40º - dimensiones: 30x25cm - 220/240v - edm,KOMA TOOLS,Herramientas eléctricas,8425998076998,3000,743,42.95,https://api.elektro3.com/images/products/07699.jpg
Expositor---mini-destornilladores---80mm---edm,Expositor - mini destornilladores - 80mm - edm,Expositor - mini destornilladores - 80mm - contiene: 24 destornilladores planos+24 destornilladores estrella - edm - euro/u,KOMA TOOLS,Herramientas eléctricas,8425998081992,2,1000,0.3,https://api.elektro3.com/images/products/08199.jpg
Lijadora-tipo-mouse-105w-koma-tools--edm,Lijadora tipo mouse 105w koma tools  edm,"Lijadora tipo mouse electrica de potencia 105w - velocidad en vacio 0 a 12000 rpm - mango ergonomico de tacto suave-  2 m de cable- toma de aspiracion - accesorios: 1 lija p80 + boquilla de conexión de aspirador - dimensiones: 19,5x11x15,5 - voltaje:  230/240v - 50hz - edm",KOMA TOOLS,Herramientas eléctricas,8425998087079,1000,887,24.95,https://api.elektro3.com/images/products/08707.jpg
Decapador-2.000w-koma-tools-edm,Decapador 2.000w koma tools edm,Decapador electrico de potencia 2000w - mango ergonomico de tacto suave - 2 m de cable - 2 posiciones de temperatura y flujo de aire: (posicion 1 : 350ºc y 300l/min -- posicion 2 : 550ºc y 500l/min) - accesorios: 4 boquillas - dimensiones: 27x18 cm - voltaje:  230/240v - 50hz - edm,KOMA TOOLS,Herramientas eléctricas,8425998087086,1024,0,25.95,https://api.elektro3.com/images/products/08708.jpg
Mini-herramienta-multiusos-rotativa-de-potencia-170w-con-accesorios-koma-tools-edm,Mini herramienta multiusos rotativa de potencia 170w con accesorios koma tools edm,"Mini herramienta multiusos rotativa de potencia 170w - 2 m de cable electrico - velocidad variable de 8000-35000 rpm - color verde/plataeado - 190 accesorios para tallar, fresar, amolar, limpiar, pulir, cortar, lijar y grabar + 1 cable rotativo-flexible de 2 m - voltaje :  230/240v - 50hz - medidas maletin: 36,5x6,2x6,5 cm edm",KOMA TOOLS,Herramientas eléctricas,8425998087093,2104,196,64.95,https://api.elektro3.com/images/products/08709.jpg
Set-de-150--accesorios-koma-tools-para-mini-herramienta-multiusos-rotativa-ref:-08709-edm,Set de 150  accesorios koma tools para mini herramienta multiusos rotativa ref: 08709 edm,"Set de 150 accesorios koma tools para 08709 edm. accesorios para maquina rotatoria con fresas, ruedas de corte, amoladoras y otros accesorios. incluye 150 piezas. caja de plastico. medidas: 20x16.5x4.5cm",KOMA TOOLS,Herramientas eléctricas,8425998087345,436,0,19.95,https://api.elektro3.com/images/products/08734.jpg
Set-20-accesorios-koma-tools-para-mini-herramienta-multiusos-rotativa-ref:-08709-edm,Set 20 accesorios koma tools para mini herramienta multiusos rotativa ref: 08709 edm,Set 20 accesorios koma tools para 08709 edm. set de limpieza y pulido de 20 piezas: mandril 1pc para rueda de corte: diam.3.2mm. mandril 1pc para rueda de fieltro: cepillo 4pcs: diam.3.2mm. ruedas de fieltro 3pcs: 25x6.3mm. ruedas de fieltro 6pcs: 12.7x6.3mm. 2pcs rueda de esmeril de goma: 22x3mm. compuesto de pulido 1pc. 1pc rueda de fieltro puntiaguda. rueda de pulido 1pc: diam. 3.2mm. medida de la caja: 17.3x12.5x4.1cm,KOMA TOOLS,Herramientas eléctricas,8425998087352,198,80,9.95,https://api.elektro3.com/images/products/08735.jpg
Set-40-accesorios-koma-tools-para-mini-herramienta-multiusos-rotativa-ref:-08709-edm,Set 40 accesorios koma tools para mini herramienta multiusos rotativa ref: 08709 edm,Set 40 accesorios koma tools para 08709 edm. 40 piezas de lijado y esmerilado: muela de 4 piezas con vástago: diam.3.2mm banda de lijar 10pcs: 12.7x12.7mm. vástago de lijado 1pc: diam 3.2mm. mandril 1pc para discos:diam 3.2mm. 4pcs muelas: 20x3.2mm. papel de lija 20pcs. medida caja: 17.3x12.5x4.1cm,KOMA TOOLS,Herramientas eléctricas,8425998087369,182,0,9.95,https://api.elektro3.com/images/products/08736.jpg
Set-5-lijas-para-lijadora-ref:-08707-koma-tools-edm,Set 5 lijas para lijadora ref: 08707 koma tools edm,Set 5 lijas para lijadora ref: 08707 koma tools edm,KOMA TOOLS,Herramientas eléctricas,8425998087376,35,1000,1.95,https://api.elektro3.com/images/products/08737.jpg
Set-5-lijas-para-lijadora-ref:-08753-edm,Set 5 lijas para lijadora ref: 08753 edm,"Set 5 lijas para lijadora ref: 08753 edm 13x9,5cm",KOMA TOOLS,Herramientas eléctricas,8425998087383,32,1000,1.95,https://api.elektro3.com/images/products/08738.jpg
Kit-taladro-percutor/atornillador-20v-con-2-baterias-2.0-ah-y-cargador-koma-tools-pro-series-battery-edm,Kit taladro percutor/atornillador 20v con 2 baterias 2.0 ah y cargador koma tools pro series battery edm,"Kit taladro percutor/atornillador de bateria li-on de 20v y 2,0 ah - 2 velocidades variables ( velocidad 1  de 0 a 450  rpm - velocidad 2 de 0 a 1750 rpm ) - función percutor ( velocidad 1 de 0 a 9000 ipm  - velocidad 2 de 0 a 32400 ) - rotación izquierda/derecha -  portabrocas metalico sin llave de ø 13 mm - luz led para iluminar el punto de trabajo - soporte para colgar en el cinturon - 19 posiciones de apriete ajustable (max. 50n.m) + 1 posicion de taladro + 1 posicion de percutor - presentacion en maletin de transporte (34,5 x 30,5 x 10,3 cm) - incluye : taladro + 2 baterias li-on de 20v y 2,0 ah carga en 60 minutos + 1 cargador 60w 100-240v 2,3a + brocas para madera  ( nº 4, 5, 6 mm )  + brocas para metal ( nº 2, 2,5, 3, 4, 5 y 6 ) - 32 puntas para atornillar + 1 portapuntas imantado - edm",KOMA TOOLS,Herramientas eléctricas,8425998087505,4498,761,159.95,https://api.elektro3.com/images/products/08750.jpg
Taladro-atornillador-20v-brushless-(sin-bateria-y-cargador)-portabrocas-ø10mm-koma-tools-pro-series-battery-edm,Taladro atornillador 20v brushless (sin bateria y cargador) portabrocas ø10mm koma tools pro series battery edm,"Taladro atornillador de bateria li-on de 20v y 2,0 ah brushless (sin escobillas) - sin bateria y cargador - 2 velocidades variables ( velocidad 1 de 0 a 500 rpm - velocidad 2 de 0 a 1800 rpm ) - rotación izquierda/derecha - portabrocas sin llave de ø 10 mm - luz led para iluminar el punto de trabajo - soporte para colgar en el cinturon - 19 posiciones de apriete ajustable (max.45n.m) + 1 posicion de taladro - dimensiones: 18,5x19,6 cm - edm",KOMA TOOLS,Herramientas eléctricas,8425998087512,1102,792,79.95,https://api.elektro3.com/images/products/08751.jpg
Amoladora-20v-(sin-bateria-y-cargador)--koma-tools-pro-series-battery-edm,Amoladora 20v (sin bateria y cargador)  koma tools pro series battery edm,"Amoladora de bateria li-on de 20v - sin bateria y cargador - 9500 rpm - protector para disco de ø115mm (disco no incluido) - interruptor de seguridad - dimensiones : 28,9 x 23,9 cm - para un funcionamiento optimo de este artículo se aconseja utilizar una batería ref. 08771 - accesorios : mango adicional + 1 llave para canviar el disco - edm",KOMA TOOLS,Herramientas eléctricas,8425998087529,1960,863,69.95,https://api.elektro3.com/images/products/08752.jpg
Lijadora-20v-(sin-bateria-y-cargador)--koma-tools-pro-series-battery-edm,Lijadora 20v (sin bateria y cargador)  koma tools pro series battery edm,"Lijadora de bateria li-on de 20v y 2,0 ah - sin bateria y cargador - 1 velocidad de 0 a 12000 rpm - mango ergonomico de tacto suave antivibracion - suela de velcro - dimensiones : 20,4 x 15,5 cm - accesorios : filtro recoge polvo + 2 lijas p80 - edm",KOMA TOOLS,Herramientas eléctricas,8425998087536,1042,766,34.95,https://api.elektro3.com/images/products/08753.jpg
Caladora-20v-(sin-bateria-y-cargador)--koma-tools-pro-series-battery-edm,Caladora 20v (sin bateria y cargador)  koma tools pro series battery edm,"Caladora de bateria li-on de 20v y 2,0 ah - sin bateria y cargador - 1 velocidad en vacio variable de 0 a 2300 rpm - maxima capacidad de corte madera 65 mm y metal 8 mm - mango ergonomico de tacto suave antivibracion - dimensiones : 23 x 21.5 cm - interruptor de seguridad - luz led para iluminar el punto de trabajo - 3 posiciones de balanceo de hoja - sistema de cambio rapido de sierra de corte - accesorios : 1 guia de corte + 1 sierra incluida + boquilla de conexión de aspirador - edm",KOMA TOOLS,Herramientas eléctricas,8425998087543,2224,365,79.95,https://api.elektro3.com/images/products/08754.jpg
Foco-proyector-led-20w-1800-lumens-20v-(sin-bateria-y-cargador)--koma-tools-pro-series-battery-edm,Foco proyector led 20w 1800 lumens 20v (sin bateria y cargador)  koma tools pro series battery edm,"Foco proyector led cob 20w de bateria li-on 20v dc - sin bateria y cargador - cuerpo de aluminio - indice de reproduccion cromatica ( cri ) >80 - tipo de luz fria 6500k - angulo de apertura 120º - ip20 - 2 intensidades de luz : 900 lm / 1800 lm - pie regulable - (duracion hasta 3.5h con bateria 2.0ah // 7h con bateria de 4.0ah) - dimensiones : 22,8 x 22,8 - edm",KOMA TOOLS,Herramientas eléctricas,8425998087550,1496,235,54.95,https://api.elektro3.com/images/products/08755.jpg
Aspiradora-20v-(sin-bateria-y-cargador)--koma-tools-pro-series-battery-edm,Aspiradora 20v (sin bateria y cargador)  koma tools pro series battery edm,"Aspirador de bateria li-on de 20v dc - sin bateria y cargador - aspiracion 3,8 kpa - capacidad del deposito de polvo en seco 500 ml - mango ergonomico de tacto suave - dimensiones : 45,5 x 13,5 cm - accesorios : boquilla fina  + cepillo mediano + cepillo de suelo + tubo de extension - edm",KOMA TOOLS,Herramientas eléctricas,8425998087567,1658,323,69.65,https://api.elektro3.com/images/products/08756.jpg
Bateria-litio-20v-2.0-ah-koma-tools-pro-series-battery-edm,Bateria litio 20v 2.0 ah koma tools pro series battery edm,"Bateria li-on de 20v 2,0 ah - con indicador de carga - tiempo de carga 30 minutos con cargador 125w referencia 08773 y 60 minutos con cargador 60w referencia 08772 - dimensiones : 11,7 x 7,5 x 6,3 cm - totalmente compatible entre toda la gama koma tools - edm",KOMA TOOLS,Herramientas eléctricas,8425998087703,444,1000,44.95,https://api.elektro3.com/images/products/08770.jpg
Bateria-litio-20v-4.0-ah-koma-tools-pro-series-battery-edm,Bateria litio 20v 4.0 ah koma tools pro series battery edm,"Bateria li-on de 20v 4,0 ah - con indicador de carga - tiempo de carga 60 minutos con cargador 125w referencia 08773 y 120 minutos con cargador 60w referencia 08772 - dimensiones : 11,7 x 7,5 x 6.3 cm - totalmente compatible entre toda la gama koma tools - edm",KOMA TOOLS,Herramientas eléctricas,8425998087710,720,0,69.95,https://api.elektro3.com/images/products/08771.jpg
Cargador-bateria-60w-koma-tools-pro-series-battery-edm,Cargador bateria 60w koma tools pro series battery edm,"Cargador de bateria 60w 2,3a - voltaje: 100-240 v - tiempo de carga 60 minutos bateria de 2 ah y 120 minutos bateria de 4 ah - edm",KOMA TOOLS,Herramientas eléctricas,8425998087727,460,529,19.95,https://api.elektro3.com/images/products/08772.jpg
Cargador-rapido-bateria-125w-koma-tools-pro-series-battery-edm,Cargador rapido bateria 125w koma tools pro series battery edm,"Cargador rapido de bateria 125w 2,3a-5a - voltaje: 100-240 v - tiempo de carga 30 minutos bateria de 2 ah  y 60 minutos bateria de 4 ah - edm",KOMA TOOLS,Herramientas eléctricas,8425998087734,790,565,54.95,https://api.elektro3.com/images/products/08773.jpg
Hidrolimpiadora-koma-tools--alta-presion--105-bar-1.500w-edm,Hidrolimpiadora koma tools  alta presion  105 bar 1.500w edm,"Hidrolimpiadora alta presion de potencia 1500w y 105 bares - bomba de aluminio - accesorios: boquilla graduable, extension de lanza, pistola ergonomica, manguera de 3 m de alta presion y deposito para detergente - voltage: 220/240v - 50hz - edm",KOMA TOOLS,Herramientas eléctricas,8425998087109,6800,534,99.95,https://api.elektro3.com/images/products/08710.jpg
Recambio-conector-rapido-para-hidrolimpiadora-08710,Recambio conector rapido para hidrolimpiadora 08710,Recambio conector rapido para hidrolimpiadora 08710,KOMA TOOLS,Herramientas eléctricas,8425998087116,80,0,1.95,https://api.elektro3.com/images/products/08711.jpg
Recambio-pack-2-ruedas-delanteras-08759,Recambio pack 2 ruedas delanteras 08759,Recambio pack 2 ruedas delanteras 08759,KOMA TOOLS,Herramientas eléctricas,8425998087161,138,49,7.38,https://api.elektro3.com/images/products/08716.jpg
Recambio-pack-2-ruedas-traseras-08759,Recambio pack 2 ruedas traseras 08759,Recambio pack 2 ruedas traseras 08759,KOMA TOOLS,Herramientas eléctricas,8425998087178,198,48,8.22,https://api.elektro3.com/images/products/08717.jpg
Hilo-recambio-para-08757,Hilo recambio para 08757,Hilo recambio para 08757,KOMA TOOLS,Herramientas eléctricas,8425998087451,64,85,3.29,https://api.elektro3.com/images/products/08745.jpg
Cadena-recambio-para-08761,Cadena recambio para 08761,Cadena recambio para 08761,KOMA TOOLS,Herramientas eléctricas,8425998087468,124,61,9.09,https://api.elektro3.com/images/products/08746.jpg
Recortabordes-20v-(sin-bateria-y-cargador)-koma-tools-pro-series-battery-edm,Recortabordes 20v (sin bateria y cargador) koma tools pro series battery edm,"Recortabordes 20v (sin bateria y cargador) koma tools pro series battery edm velocidad sin carga 8.500 rpm, corte de 250mm, tubo telescopico,  sistema 2 en 1: recortadora y bordeadora, cabezal automatico, mango ergonomico. tamaño: 155x30cm",KOMA TOOLS,Herramientas eléctricas,8425998087574,1708,149,39.95,https://api.elektro3.com/images/products/08757.jpg
Cortasetos-20v-(sin-bateria-y-cargador)-koma-tools-pro-series-battery-edm,Cortasetos 20v (sin bateria y cargador) koma tools pro series battery edm,"Cortasetos 20v (sin bateria y cargador) koma tools pro series battery edm velocidad de la cuchilla 1.300cpm, capacidad de corte 410mm, diametro de corte 18mm. con interruptor de seguridad de doble mano, protector de cuchilla, agarre suave. tamaño: 75x19,5cm",KOMA TOOLS,Herramientas eléctricas,8425998087581,2674,147,59.95,https://api.elektro3.com/images/products/08758.jpg
Cortacesped-20v-(sin-bateria-y-cargador)-koma-tools-pro-series-battery-edm,Cortacesped 20v (sin bateria y cargador) koma tools pro series battery edm,"Cortacesped 20v (sin bateria y cargador) koma tools pro series battery edm velocidad sin carga 2.900 rpm, maximo ancho de corte 330mm, altura de corte regulable 25-75mm hasta 5 niveles, recogedor de hierba 30l. utilizar solo bateria ref 08771. decibelios: 96, tamaño: 97x93cm.",KOMA TOOLS,Herramientas eléctricas,8425998087598,12500,169,159.95,https://api.elektro3.com/images/products/08759.jpg
Motosierra-20v--(sin-bateria-y-cargador)-koma-tools-pro-series-battery-edm,Motosierra 20v  (sin bateria y cargador) koma tools pro series battery edm,"Motosierra 20v  (sin bateria y cargador) koma tools pro series battery edm. velocidad sin carga 5,6m/s. capacidad de corte 200mm, agarre suave, con autolubricacion, doble freno de seguridad, sistema de tensado sin herramientas. para un correcto uso, utilizar solo bateria ref 08771. decibelios: 98, tamaño articulo 63x23,2cm",KOMA TOOLS,Herramientas eléctricas,8425998087611,4930,17,84.95,https://api.elektro3.com/images/products/08761.jpg
Garrafa-5l.-aceite-para-cadenas-de-motosierra-,Garrafa 5l. aceite para cadenas de motosierra ,Garrafa 5l. aceite para cadenas de motosierra es un aceite especial para la lubricacion de cadenas de motosierras y para engrase general de la maquina. fabricados con bases parafinicas que garantizan unas excelentes propiedades naturales de lubricacion.,KOMA TOOLS,Herramientas eléctricas,842541570198,4524,0,21.35,https://api.elektro3.com/images/products/96518.jpg
Pack-5-lijas-para-08765-koma-tools,Pack 5 lijas para 08765 koma tools,Pack 5 lijas para 08765 koma tools (contiene: 1 uni lija p60 + 2 uni p80 + 2 uni p120),KOMA TOOLS,Herramientas eléctricas,8425998087192,22,412,1.15,https://api.elektro3.com/images/products/08719.jpg
Disco-recambio-para-08764--koma-tools,Disco recambio para 08764  koma tools,Disco recambio para 08764  - disco de acero y dientes de aleación de tungsteno (tipo hw) para cortar madera - koma tools,KOMA TOOLS,Herramientas eléctricas,8425998087208,436,164,6.85,https://api.elektro3.com/images/products/08720.jpg
Juego-puntas-planas-1-4--5-piezas-x-25mm-koma-tools,Juego puntas planas 1 4 -5 piezas x 25mm koma tools,Juego puntas planas 1 4 -5 piezas x 25mm koma tools,KOMA TOOLS,Herramientas eléctricas,8425998087390,30,1000,1.2,https://api.elektro3.com/images/products/08739.jpg
Juego-6-puntas-ph-1-2-3-pz-1-2-3-x-25mm-koma-tools,Juego 6 puntas ph 1-2-3 pz 1-2-3 x 25mm koma tools,Juego 6 puntas ph 1-2-3 pz 1-2-3 x 25mm koma tools,KOMA TOOLS,Herramientas eléctricas,8425998087406,38,1000,1.3,https://api.elektro3.com/images/products/08740.jpg
Juego-6-puntas-ph-1-2-3-pz-1-2-3-x-50mm-koma-tools,Juego 6 puntas ph 1-2-3 pz 1-2-3 x 50mm koma tools,Juego 6 puntas ph 1-2-3 pz 1-2-3 x 50mm koma tools,KOMA TOOLS,Herramientas eléctricas,8425998087413,70,1000,2.2,https://api.elektro3.com/images/products/08741.jpg
Juego-4-brocas-widia-standard-koma-tools,Juego 4 brocas widia standard koma tools,Juego 4 brocas widia standard koma tools,KOMA TOOLS,Herramientas eléctricas,8425998087420,122,1000,3.9,https://api.elektro3.com/images/products/08742.jpg
Disco-corte-para-hierro-y-acero-inoxidable-115x1.0x22.23mm--koma-tools,Disco corte para hierro y acero inoxidable 115x1.0x22.23mm  koma tools,Disco corte para hierro y acero inoxidable 115x1.0x22.23mm  koma tools,KOMA TOOLS,Herramientas eléctricas,8425998087437,28,1000,0.7,https://api.elektro3.com/images/products/08743.jpg
Kit-amoladora-20v-koma-tools-pro-series-con-1-bateria-4.0-ah-y-cargador-08772-edm,Kit amoladora 20v koma tools pro series con 1 bateria 4.0 ah y cargador 08772 edm,"Kit amoladora de bateria li-on de 20v - con 1 bateria 4.0 ah y cargador de 60w - 9500 rpm - protector para disco de ø115mm (disco no incluido) - interruptor de seguridad - dimensiones : 32,8 x 13,8 x 11cm - para un funcionamiento optimo de este artículo se aconseja utilizar una batería ref. 08772 - accesorios : mango adicional + 1 llave para canviar el disco - presentacion en maletin de transporte - edm",KOMA TOOLS,Herramientas eléctricas,8425998087604,4462,740,169.95,https://api.elektro3.com/images/products/08760.jpg
Taladro-percutor/atornillador-20v-brushless--(sin-bateria-y-cargador)--koma-tools-pro-series-battery-edm,Taladro percutor/atornillador 20v brushless  (sin bateria y cargador)  koma tools pro series battery edm,Taladro atornillador de bateria brushless (sin escobillas) - no incluye bateria y cargador - 2 velocidades variables ( velocidad 1 de 0 a 500 rpm - velocidad 2 de 0 a 1800 rpm ) - rotación izquierda/derecha - portabrocas sin llave de ø 13 mm - luz led para iluminar el punto de trabajo - soporte para colgar en el cinturon - 19 posiciones de apriete ajustable (max.50n.m) + 1 posicion de taladro + 1 percutor - dimensiones: 22x25 cm - edm,KOMA TOOLS,Herramientas eléctricas,8425998087628,1614,165,99.95,https://api.elektro3.com/images/products/08762.jpg
Martillo-percutor--20v-(sin-bateria-y-cargador)-koma-tools-pro-series-battery-edm,Martillo percutor  20v (sin bateria y cargador) koma tools pro series battery edm,"Martillo percutor 20v (no incluye bateria y cargador) koma tools pro series battery edm - velocidad variable de 0-1.500 rpm -  frecuencia de impacto  0 a 5500t/min.- fuerza de impacto 1,8j - 3 funciones (percutor + taladro + taladro/percutor) - portabrocas sds+ - capacidad de perforacion madera 26mm, acero 13mm, hormigon 20mm - mango adicional con varilla de control de profundidad - luz led para iluminar el punto de trabajo - para un funcionamiento optimo de este artículo se aconseja utilizar una batería ref. 08771 - dimensiones : 30 x 19,5 cm",KOMA TOOLS,Herramientas eléctricas,8425998087635,2592,961,99.95,https://api.elektro3.com/images/products/08763.jpg
Sierra-circular-20v--(no-incluye-bateria-y-cargador)-koma-tools-pro-series-battery-edm,Sierra circular 20v  (no incluye bateria y cargador) koma tools pro series battery edm,"Sierra circular 20v (no incluye bateria y cargador) koma tools pro series battery edm  - 1 velocidad sin carga de 0 a 3.800 rpm  - diametro del disco 165mmx20mm  - profundidad maxima de corte (55 mm a 90 grados y 40 mm a 45 grados) - disco de acero y dientes de aleación de tungsteno (tipo hw) para cortar madera - para un funcionamiento optimo de este artículo se aconseja utilizar una batería ref. 08771 - toma de aspiracion de virutas - dimensiones: 30,1x21,5 cm - interruptor de bloqueo para mayor seguridad - bloqueo del eje para cambiar el disco - base de aluminio -  accesorios: guia de corte milimetrada",KOMA TOOLS,Herramientas eléctricas,8425998087642,2716,69,89.95,https://api.elektro3.com/images/products/08764.jpg
Multiherramienta-20v-(sin-bateria-y-cargador)-koma-tools-pro-series-battery-edm,Multiherramienta 20v (sin bateria y cargador) koma tools pro series battery edm,"Multiherramienta 20v (no incluye bateria y cargador) koma tools pro series battery edm - velocidad variable de 11000 a 21000 rpm - angulo de oscilacion de 3,2 grados - sistema de cambio de cuchilla de liberacion rapida - dimensiones: 31,3 x 11 cm - accesorios: 1 almohadilla de lijado - 1 hoja de lija - 1 raspador - 1 sierra",KOMA TOOLS,Herramientas eléctricas,8425998087659,1274,134,59.95,https://api.elektro3.com/images/products/08765.jpg
Amoladora-125mm-20v-brushless-(sin-bateria-y-cargador)-koma-tools-pro-series-battery-edm,Amoladora 125mm 20v brushless (sin bateria y cargador) koma tools pro series battery edm,"Amoladora 20v brushless (sin escobillas) - no incluye bateria y cargador - 8500 rpm - protector para disco de ø125mm (disco no incluido) - interruptor de seguridad - dimensiones : 37,5 x 12 cm - para un funcionamiento optimo de este artículo se aconseja utilizar una batería ref. 08771 - accesorios : mango adicional + 1 llave para canviar el disco - edm",KOMA TOOLS,Herramientas eléctricas,8425998087666,2056,499,99.95,https://api.elektro3.com/images/products/08766.jpg
Bateria-litio-20v-5.0ah-koma-tools-pro-series-battery-edm,Bateria litio 20v 5.0ah koma tools pro series battery edm,"Bateria li-on de 20v 5,0 ah - con indicador de carga - tiempo de carga 70 minutos con cargador 125w referencia 08773 y 140 minutos con cargador 60w referencia 08772 - dimensiones : 11,7 x 7,5 x 6,3 cm - totalmente compatible entre toda la gama koma tools - edm",KOMA TOOLS,Herramientas eléctricas,8425998087741,742,0,94.95,https://api.elektro3.com/images/products/08774.jpg
Hidrolimpiadora-karcher-k3-promo,Hidrolimpiadora karcher k3 promo,"Hidrolimpiadora karcher k3 promo presion 120 bar, caudal 380l/h, potencia 1,6kw,  peso 8,11kg tamaño: 49,3x29,3x31,9cm, accesorios incluidos: pistola clip entry, lanza y boquilla turbo, manguera de alta presion 6mts servicio tecnico: españa https://www.kaercher.com/es/servicios/ayuda/busqueda-de-servicio-tecnico.html",KOMA TOOLS,Herramientas eléctricas,4039784819320,0,33,111.99,https://api.elektro3.com/images/products/84000.jpg
Aspirador-soplador-20v--(sin-bateria-y-cargador)-koma-tools-pro-series-battery-edm,Aspirador soplador 20v  (sin bateria y cargador) koma tools pro series battery edm,Aspirador soplador 20v  (sin bateria y cargador) koma tools pro series battery edm bolsa incluida,KOMA TOOLS,Herramientas eléctricas,8425998087673,0,0,54.95,https://api.elektro3.com/images/products/08767.jpg
Bomba-400w-agua-limpia-koma-tools,Bomba 400w agua limpia koma tools,"Bomba 400w agua limpia koma tools 230-50hz max. caudal 8.000l/hora, altura maxima 7mts, profundidas de aspiracion maxima: 7mts, 10mts de cable, tamaño de las particulas absorbidas 5mm.",KOMA TOOLS,Herramientas eléctricas,8425998087901,0,0,49.95,https://api.elektro3.com/images/products/08790.jpg
Bomba-500w-inox-agua-limpia-koma-tools,Bomba 500w inox agua limpia koma tools,"Bomba 500w inox agua limpia koma tools 230-50hz max. caudal 10.000l/hora, altura maxima 8mts, profundidas de aspiracion maxima: 7mts,10mts de cable, tamaño de las particulas absorbidas 5mm.",KOMA TOOLS,Herramientas eléctricas,8425998087918,0,0,62.95,https://api.elektro3.com/images/products/08791.jpg
Bomba-400w-agua-sucia-koma-tools,Bomba 400w agua sucia koma tools,"Bomba 400w agua sucia koma tools  max. caudal 8.000l/hora, altura maxima 5mts, profundidas de aspiracion maxima: 7mts,10mts de cable, tamaño de las particulas absorbidas 35mm.",KOMA TOOLS,Herramientas eléctricas,8425998087925,0,0,49.95,https://api.elektro3.com/images/products/08792.jpg
"Atornillador-a-bateria-3,6v-litio-1300mah-edm","Atornillador a bateria 3,6v litio 1300mah edm","Atornillador a bateria 3,6v litio 1300mah edm tamaño: 17,5x14,8cm, antideslizante,cargador incluido, luz led,velocidad regulable, 6 posiciones de apriete.",KOMA TOOLS,Herramientas eléctricas,8425998087222,614,1000,24.99,https://api.elektro3.com/images/products/08722.jpg
Recambio-almohadilla-para-08753-koma-tools,Recambio almohadilla para 08753 koma tools,Recambio almohadilla para 08753 koma tools,KOMA TOOLS,Herramientas eléctricas,8425998087864,0,29,4.99,https://api.elektro3.com/images/products/08786.jpg
Bomba-sumergible-550w-10500-litros/h-10m-(para-aguas-residuales-o-limpias),Bomba sumergible 550w 10500 litros/h 10m (para aguas residuales o limpias),"Bomba sumergible 550w 10500 litros/h 10m de cable. altura de impulsion de agua 7m. profundidad maxima de bombeo 7m (para aguas residuales o limpias) puede llegar a filtrar hasta particulas de 35mm. el flotador funciona como interruptor de encendido y apagado.  punto maximo encendido 50cm, punto minimo de apagado 5cm.  incluye 10m de cable y conectores. ip68.",EDM,Jardín,5709386798956,4200,6,90.25,https://api.elektro3.com/images/products/74201.jpg
Hilo-plastificado-verde-4mmx50mts,Hilo plastificado verde 4mmx50mts,Hilo plastificado verde 4mmx50mts (multiusos),EDM,Jardín,8002522972300,101,29,5.65,https://api.elektro3.com/images/products/74230.jpg
Pluviometro--medidor--ml/m2-max.-40litros/m2,Pluviometro  medidor  ml/m2 max. 40litros/m2,Pluviometro  medidor  ml/m2 medida hasta 40litros/m2 con estaca,EDM,Jardín,8718692623033,87,0,2.85,https://api.elektro3.com/images/products/74390.jpg
Pala-transplantadora-de-jardineria-edm,Pala transplantadora de jardineria edm,Pala transplantadora de jardineria edm,EDM,Jardín,8425998747201,208,341,7.55,https://api.elektro3.com/images/products/74720.jpg
Cultivador-3-puas-de-jardineria-edm,Cultivador 3 puas de jardineria edm,Cultivador 3 puas de jardineria edm,EDM,Jardín,8425998747218,214,88,8.4,https://api.elektro3.com/images/products/74721.jpg
Azada-+-rastrillo-para-jardineria-edm,Azada + rastrillo para jardineria edm,Azada + rastrillo para jardineria edm,EDM,Jardín,8425998747225,222,100,9.99,https://api.elektro3.com/images/products/74722.jpg
Mini-rastrillo-para-jardineria-edm,Mini-rastrillo para jardineria edm,Rastrillador para jardineria edm,EDM,Jardín,8425998747232,217,531,10.9,https://api.elektro3.com/images/products/74723.jpg
Maceta-inyeccion-terracota-ø-26x19cm-exterior,Maceta inyeccion terracota ø 26x19cm exterior,Maceta inyeccion terracota ø 26cm superior  ø 16cm inferior altura: 19cm,EDM,Jardín,8412524013619,213,152,2.95,https://api.elektro3.com/images/products/74860.jpg
Maceta-inyeccion-terracota-ø-30x23cm-exterior,Maceta inyeccion terracota ø 30x23cm exterior,Maceta inyeccion terracota  ø30cm superior  ø 19cm inferior altura: 23cm,EDM,Jardín,8412524013640,323,0,3.99,https://api.elektro3.com/images/products/74861.jpg
Maceta-inyeccion-terracota-ø-35x26cm-exterior,Maceta inyeccion terracota ø 35x26cm exterior,Maceta inyeccion terracota 6 litros ø superior: 35cm inferior ø23cm altura 26cm,EDM,Jardín,8412524013671,460,24,5.1,https://api.elektro3.com/images/products/74862.jpg
Maceta-inyeccion-terracota-ø-40x30cm-exterior,Maceta inyeccion terracota ø 40x30cm exterior,Maceta inyeccion terracota  6 litros ø superior: 40cm inferior ø27cm altura 30cm,EDM,Jardín,8412524013701,643,166,6.7,https://api.elektro3.com/images/products/74863.jpg
Plato-inyeccion-terracota-ø-25-cm-(para-ref:-74861),Plato inyeccion terracota ø 25 cm (para ref: 74861),Plato inyeccion terracota ø 25 cm (para maceta ref.74861),EDM,Jardín,8412524014128,97,94,1.5,https://api.elektro3.com/images/products/74865.jpg
Plato-inyeccion-terracota-ø-30cm-(para-maceta-ref:-74862),Plato inyeccion terracota ø 30cm (para maceta ref: 74862),Plato inyeccion terracota ø 30cm (para maceta ref.74862),EDM,Jardín,8412524014159,149,73,2.25,https://api.elektro3.com/images/products/74866.jpg
Plato-inyeccion-terracota-ø-34cm-(para-maceta-ref:--74863),Plato inyeccion terracota ø 34cm (para maceta ref:  74863),Plato inyeccion terracota ø 34cm (para maceta ref.74863),EDM,Jardín,8412524014180,120,185,2.95,https://api.elektro3.com/images/products/74867.jpg
Plato-inyeccion-terracota-ø-22cm--(para-maceta-ref:--74860),Plato inyeccion terracota ø 22cm  (para maceta ref:  74860),Plato inyeccion terracota ø 22cm (para maceta ref.74860),EDM,Jardín,8425998748697,65,107,1.1,https://api.elektro3.com/images/products/74869.jpg
Maceta-inyeccion-antracita-ø-30cm,Maceta inyeccion antracita ø 30cm,"Maceta inyeccion antracita superior: ø 30cm inferior ø18cm altura 26,5cm",EDM,Jardín,8718158557575,321,31,7.4,https://api.elektro3.com/images/products/74871.jpg
Saco-de-jardin-45x70cm,Saco de jardin 45x70cm,Saco de jardin 45x70cm,EDM,Jardín,8718692621787,167,135,5.3,https://api.elektro3.com/images/products/90012.jpg
Saco-de-jardin-con-muelle--30l-,Saco de jardin con muelle  30l ,Saco de jardin con muelle  30l diametro 30 cm altura 40 cm,EDM,Jardín,8711252131344,209,333,5.99,https://api.elektro3.com/images/products/90013.jpg
Maceta-inyeccion-antracita-ø-35cm,Maceta inyeccion antracita ø 35cm,Maceta inyeccion antracita superior: ø 35cm inferior ø21cm altura 31cm,EDM,Jardín,8711295921476,470,0,11.9,https://api.elektro3.com/images/products/74872.jpg
Rollo-malla-verde-80%-90gr-1x50mts,Rollo malla verde 80% 90gr 1x50mts,Rollo malla verde ocultacion 80% 90gr 1x50mts,EDM,Jardín,8425998758009,4700,75,41.9,https://api.elektro3.com/images/products/75800.jpg
Rollo-malla--marron-80%-90gr-1x50mts,Rollo malla  marron 80% 90gr 1x50mts,Rollo malla  marron ocultacion 80% 90gr 1x50mts,EDM,Jardín,8425998758016,4700,78,41.9,https://api.elektro3.com/images/products/75801.jpg
"Rollo-malla-verde-80%-90gt-1,5x50mts","Rollo malla verde 80% 90gt 1,5x50mts","Rollo malla  verde ocultacion 80% 90gr 1,5x50mts",EDM,Jardín,8425998758023,7100,83,62.85,https://api.elektro3.com/images/products/75802.jpg
"Rollo-malla--marron-80%-90gr-1,5x50mts","Rollo malla  marron 80% 90gr 1,5x50mts","Rollo malla  marron ocultacion 80% 90gr 1,5x50mts",EDM,Jardín,8425998758030,6900,85,62.85,https://api.elektro3.com/images/products/75803.jpg
Rollo-malla--verde-80%-90gr-2x50mts,Rollo malla  verde 80% 90gr 2x50mts,Rollo malla  verde  ocultacion 80% 90gr 2x50mts,EDM,Jardín,8425998758047,8900,76,85.4,https://api.elektro3.com/images/products/75804.jpg
Rollo-malla--marron-80%-90gr-2x50mts,Rollo malla  marron 80% 90gr 2x50mts,Rollo malla  marron ocultacion 80% 90gr 2x50mts,EDM,Jardín,8425998758054,8900,98,85.4,https://api.elektro3.com/images/products/75805.jpg
Malla-plegada-verde-80%-90gr-1x10mts,Malla plegada verde 80% 90gr 1x10mts,Malla plegada verde ocultacion 80% 90gr 1x10mts,EDM,Jardín,8425998758108,926,378,9.95,https://api.elektro3.com/images/products/75810.jpg
Malla-plegable-marron-80%-90gr-1x10mts,Malla plegable marron 80% 90gr 1x10mts,Malla plegable  marron ocultacion 80% 90gr 1x10mts,EDM,Jardín,8425998758115,926,426,9.95,https://api.elektro3.com/images/products/75811.jpg
"Malla-plegable-verde-80%-90gr-1,50x10mts","Malla plegable verde 80% 90gr 1,50x10mts","Malla plegable verde ocultacion 80% 90gr 1,50x10mtts",EDM,Jardín,8425998758122,1229,368,15.95,https://api.elektro3.com/images/products/75812.jpg
"Malla-plegable-marron-80%-90gr-1,50x10mts","Malla plegable marron 80% 90gr 1,50x10mts","Malla plegable marron ocultacion 80% 90gr 1,50x10mts",EDM,Jardín,8425998758139,1229,292,15.95,https://api.elektro3.com/images/products/75813.jpg
Malla-plegable-verde-80%-90gr-2-x10mts,Malla plegable verde 80% 90gr 2 x10mts,"Malla plegable verde ocultacion 80% 90gr 2,x10mts",EDM,Jardín,8425998758146,1747,334,21.6,https://api.elektro3.com/images/products/75814.jpg
Rollo-malla-marron-80%-90gr-2-x10mts,Rollo malla marron 80% 90gr 2 x10mts,Rollo malla marron ocultacion 80% 90gr 2 x10mts,EDM,Jardín,8425998758153,1600,340,21.6,https://api.elektro3.com/images/products/75815.jpg
Rollo-malla--negra-70%-2x100mts,Rollo malla  negra 70% 2x100mts,Rollo malla negra 70% 2x100mts negra  malla para sombreo  muy ligera y resistente ocultacion del 70%,EDM,Jardín,8425998758504,11900,44,149.95,https://api.elektro3.com/images/products/75850.jpg
Rollo-malla--verde-70%-2x100mts,Rollo malla  verde 70% 2x100mts,Rollo malla  verde 70% 2x100mts  malla para sombreo  muy ligera y resistente  ocultacion del 70%,EDM,Jardín,8425998758511,15200,21,149.95,https://api.elektro3.com/images/products/75851.jpg
*ult.-unidades*-malla-plegable-verde-70%-3x4m,*ult. unidades* malla plegable verde 70% 3x4m,Malla plegable verde 3x4mts malla para sombreo  muy ligera y resistente  ocultacion del 70%,EDM,Jardín,8425998758566,828,53,11.95,https://api.elektro3.com/images/products/75856.jpg
*ult.-unidades*-malla-plegable-verde-70%-4x5m,*ult. unidades* malla plegable verde 70% 4x5m,Rollo malla verde 4x5mts malla para sombreo  muy ligera y resistente  ocultacion del 70%,EDM,Jardín,8425998758580,1200,82,20.99,https://api.elektro3.com/images/products/75858.jpg
Recogedor-de-frutas-telescopico-extensible-de-130-240cm,Recogedor de frutas telescopico extensible de 130-240cm,Recogedor de frutas telescopico con mango de aluminio extensible de130-240cm diametro de la cesta 14cm flexibilidad de la cesta 15cm a 26 cm diametro del tubo de aluminio 22-25mm,EDM,Jardín,5709386978136,249,0,13.55,https://api.elektro3.com/images/products/74989.jpg
Hilo-plastificado-blanco-con-dispensador-4mmx50mts,Hilo plastificado blanco con dispensador 4mmx50mts,Hilo plastificado blanco con dispensador 4mmx50mts (multiusos),EDM,Jardín,8425998742312,130,0,5.65,https://api.elektro3.com/images/products/74231.jpg
Hilo-plastico-negro-con-dispensador-4mmx50mts,Hilo plastico negro con dispensador 4mmx50mts,Hilo plastificado negro con dispensador 4mmx50mts (multiusos),EDM,Jardín,8425998742329,130,0,5.65,https://api.elektro3.com/images/products/74232.jpg
Cañizo-de-bambu-natural-ø-aprox.-2---4mm-medidas:-1x5mts,Cañizo de bambu natural ø aprox. 2 - 4mm medidas: 1x5mts,Cañizo de bambu natural ø aprox. 2 - 4mm dimension 1x5mts unidas mediante alambre plastificado,EDM,Jardín,8413246150088,1502,136,17.95,https://api.elektro3.com/images/products/75816.jpg
"Cañizo-de-bambu-natural-ø-aprox.-3---5mm-medidas:-1,5x5mts","Cañizo de bambu natural ø aprox. 3 - 5mm medidas: 1,5x5mts","Cañizo de bambu natural ø aprox. 3 - 5mm dimension 1,5x5mts unidas mediante alambre plastificado",EDM,Jardín,8413246150095,3700,75,24.3,https://api.elektro3.com/images/products/75817.jpg
Brezo-natural-color-marron-oscuro-medidas-1x5mts,Brezo natural color marron oscuro medidas 1x5mts,Brezo natural color marron oscuro medidas 1x5mts unido mediante alambre,EDM,Jardín,8413246151047,7700,186,54.95,https://api.elektro3.com/images/products/75818.jpg
"Brezo-natural-color-marron-oscuro-medidas-1,5x5mts","Brezo natural color marron oscuro medidas 1,5x5mts","Brezo natural color marron oscuro medidas 1,5x5mts unido mediante alambre",EDM,Jardín,8413246151054,12600,125,84.9,https://api.elektro3.com/images/products/75819.jpg
"*ult.-unidades*-comedero-pajaros-25cm-ø-6,4cm","*ult. unidades* comedero pajaros 25cm ø 6,4cm","Comedero pajaros 25cm ø 6,4cm",EDM,Jardín,8711295800498,103,126,4.15,https://api.elektro3.com/images/products/06293.jpg
"Espuma-protectora-de-rodillas-25,5x39x1,5cm-(colores-surtidos)","Espuma protectora de rodillas 25,5x39x1,5cm (colores surtidos)","Espuma protectora de rodillas medidas: 25,5x39x1,5cm (colores surtidos)",EDM,Jardín,8719202138375,115,170,3.85,https://api.elektro3.com/images/products/73010.jpg
Protector-de-canalizaciones-(pack-2-unid.),Protector de canalizaciones (pack 2 unid.),Protector de canalizaciones 12x15cm (pack 2 unid.),EDM,Jardín,8711252119649,156,591,4.45,https://api.elektro3.com/images/products/73750.jpg
"Lanza-pulverizadora-de-agua-74x6x2,8cm-(adaptable-a-manguera-con-ref:-74408)","Lanza pulverizadora de agua 74x6x2,8cm (adaptable a manguera con ref: 74408)","Adaptador pulverizador de agua (lavado a presion) 74x6x2,8cm (adaptable a manguera de riego con conexion ref: 74408)",EDM,Jardín,8711252158181,287,134,16.1,https://api.elektro3.com/images/products/74630.jpg
"Mango-para-rastrillo-140cm-ø-2,4cm","Mango para rastrillo 140cm ø 2,4cm","Mango para rastrillo 140cm ø 2,4cm",EDM,Jardín,8711252921945,340,130,5.65,https://api.elektro3.com/images/products/74725.jpg
Rastrillo-metalico-12-dientes,Rastrillo metalico 12 dientes,Rastrillo metalico 12 dientes 13x29.5cm 0.46kg,EDM,Jardín,8711252921983,467,104,5.85,https://api.elektro3.com/images/products/74726.jpg
Malla-anti-malas-hierbas-800x150cm,Malla anti malas hierbas 800x150cm,Malla anti malas hierbas 800x150cm negro 45g/m2,EDM,Jardín,8711295071669,559,746,8.3,https://api.elektro3.com/images/products/75895.jpg
"Malla-metalica-de-triple-torsion-galvanizada-19x0,7mm/0,5x10mts","Malla metalica de triple torsion galvanizada 19x0,7mm/0,5x10mts","Malla metalica de triple torsion galvanizada 19x0,7mm/0,5x10mts estructura en forma hexagonal, acabado galvanizado.",EDM,Jardín,8413246011815,1745,12,20.2,https://api.elektro3.com/images/products/75840.jpg
"Malla-metalica-de-triple-torsion-galvanizada-19x0,7mm/1x10mts","Malla metalica de triple torsion galvanizada 19x0,7mm/1x10mts","Malla metalica de triple torsion galvanizada 19x0,7mm/1x10mts estructura en forma hexagonal, acabado galvanizado",EDM,Jardín,8413246011822,3800,52,33.15,https://api.elektro3.com/images/products/75841.jpg
Big-bag-escombros-90x90x90cm-blanco-aguanta-hasta-1000kg,Big bag escombros 90x90x90cm blanco aguanta hasta 1000kg,Big bag escombros 90x90x90cm blanco aguanta hasta 1000kg,EDM,Jardín,8435584416572,641,0,7.1,https://api.elektro3.com/images/products/90121.jpg
"Saco-""bag""-60x100cm-blanco","Saco ""bag"" 60x100cm blanco","Saco ""bag"" 60x100cm blanco material rafia de polipropileno",EDM,Jardín,8432296002680,80,1000,0.7,https://api.elektro3.com/images/products/90146.jpg
*ult.unidades*-cortina-ovalos-burdeos-plastico-90x210cm-72-tiras-edm,*ult.unidades* cortina ovalos burdeos plastico 90x210cm 72 tiras edm,Cortina ovalos burdeos plastico 90x210cm 72 tiras edm,EDM,Jardín,8425998759501,2600,107,32.5,https://api.elektro3.com/images/products/75950.jpg
*ult.unidades*-cortina-ovalos-naranja-plastico-90x210cm-72-tiras-edm,*ult.unidades* cortina ovalos naranja plastico 90x210cm 72 tiras edm,Cortina ovalos naranja plastico 90x210cm 72 tiras edm,EDM,Jardín,8425998759518,2600,65,32.5,https://api.elektro3.com/images/products/75951.jpg
*ult.unidades*-cortina-ovalos-azul-plastico-90x210cm-72-tiras-edm,*ult.unidades* cortina ovalos azul plastico 90x210cm 72 tiras edm,Cortina ovalos azul plastico 90x210cm 72 tiras edm,EDM,Jardín,8425998759525,2400,129,32.5,https://api.elektro3.com/images/products/75952.jpg
*ult.unidades*-cortina-ovalos-amarillo--plastico-90x210cm-72-tiras-edm,*ult.unidades* cortina ovalos amarillo  plastico 90x210cm 72 tiras edm,Cortina ovalos amarillo  plastico 90x210cm 72 tiras edm,EDM,Jardín,8425998759532,2400,252,32.5,https://api.elektro3.com/images/products/75953.jpg
Cortina-cinta--amarillo-transparente-plastico-90x210cm-32-tiras-edm,Cortina cinta  amarillo-transparente plastico 90x210cm 32 tiras edm,Cortina cinta amarillo-transparente plastico 90x210cm 32 tiras edm,EDM,Jardín,8425998759549,3200,323,45.35,https://api.elektro3.com/images/products/75954.jpg
Cortina-cinta-marron-oscuro---transparente-plastico-90x210cm-32-tiras-edm,Cortina cinta marron oscuro - transparente plastico 90x210cm 32 tiras edm,Cortina cinta marron oscuro - transparente plastico 90x210cm 32 tiras edm,EDM,Jardín,8425998759556,3200,0,45.35,https://api.elektro3.com/images/products/75955.jpg
Cortina-cinta-transparente---negro--90x210cm-32-tiras-edm,Cortina cinta transparente - negro  90x210cm 32 tiras edm,Cortina cinta transparente - negro plastico 90x210cm 32 tiras edm,EDM,Jardín,8425998759563,3200,233,45.35,https://api.elektro3.com/images/products/75956.jpg
Cortina-cinta-transparente--azul--plastico-90x210cm-32-tiras-edm,Cortina cinta transparente- azul  plastico 90x210cm 32 tiras edm,Cortina cinta transparente- azul  plastico 90x210cm 32 tiras edm,EDM,Jardín,8425998759570,3200,173,45.35,https://api.elektro3.com/images/products/75957.jpg
Cortina-cadena-cascada-plastico-90x210cm-33-tiras-edm,Cortina cadena cascada plastico 90x210cm 33 tiras edm,Cortina cadena cascada plastico 90x210cm 33 tiras edm,EDM,Jardín,8425998759587,1500,0,21.5,https://api.elektro3.com/images/products/75958.jpg
Cortina-cadena-nordico-plastico-90x210cm-33-tiras-edm,Cortina cadena nordico plastico 90x210cm 33 tiras edm,Cortina cadena nordico plastico 90x210cm 33 tiras edm,EDM,Jardín,8425998759594,1700,0,21.5,https://api.elektro3.com/images/products/75959.jpg
Cortina-cadena-rombos-plastico-90x210cm-33-tiras-edm,Cortina cadena rombos plastico 90x210cm 33 tiras edm,Cortina cadena rombos plastico 90x210cm 33 tiras edm,EDM,Jardín,8425998759600,1500,17,21.5,https://api.elektro3.com/images/products/75960.jpg
Cortina-cadena-flores-plastico-90x210cm-33-tiras-edm,Cortina cadena flores plastico 90x210cm 33 tiras edm,Cortina cadena flores  plastico 90x210cm 33 tiras edm,EDM,Jardín,8425998759617,1500,0,21.5,https://api.elektro3.com/images/products/75961.jpg
Cortina-perla-rojo-plastico-90x200cm-48-tiras-edm,Cortina perla rojo plastico 90x200cm 48 tiras edm,Cortina perla rojo plastico 90x200cm 48 tiras edm,EDM,Jardín,8425998759624,1400,341,20.1,https://api.elektro3.com/images/products/75962.jpg
Cortina-perla-negro-plastico-90x200cm-48-tiras-edm,Cortina perla negro plastico 90x200cm 48 tiras edm,Cortina perla negro  plastico 90x200cm 48 tiras edm,EDM,Jardín,8425998759631,1400,118,20.1,https://api.elektro3.com/images/products/75963.jpg
Cortina-perla-blanca--plastico-90x200cm-48-tiras-edm,Cortina perla blanca  plastico 90x200cm 48 tiras edm,Cortina perla blanca  plastico 90x200cm 48 tiras edm,EDM,Jardín,8425998759648,1400,218,20.1,https://api.elektro3.com/images/products/75964.jpg
Cortina-perla-azul-plastico-90x200cm-48-tiras-edm,Cortina perla azul plastico 90x200cm 48 tiras edm,Cortina perla azul  plastico 90x200cm 48 tiras edm,EDM,Jardín,8425998759655,1400,316,20.1,https://api.elektro3.com/images/products/75965.jpg
"Base-de-3-ruedas-metalicas-ajustable-22,5-30cm","Base de 3 ruedas metalicas ajustable 22,5-30cm","Base de 3 ruedas metalicas ajustable 22,5-30cm, carga max. 50kg",EDM,Jardín,8711295850813,455,171,8.99,https://api.elektro3.com/images/products/74730.jpg
"Base-de-4-ruedas-metalica-35x6,5cm","Base de 4 ruedas metalica 35x6,5cm","Base de 4 ruedas metalica 35x6,5cm, peso 780grs, carga max. 15kg",EDM,Jardín,8711295389399,688,24,12.25,https://api.elektro3.com/images/products/74731.jpg
"Tutor-para-plantas-1,1x120cm","Tutor para plantas 1,1x120cm","Tutor para plantas 1,1x120cm (venta solo multiples de 5unid.)",EDM,Jardín,8425998747454,97,1000,1.59,https://api.elektro3.com/images/products/74745.jpg
Espatula-curvada-madera-de-olivo-30-cm-metaltex-,Espatula curvada madera de olivo 30 cm metaltex ,Espatula curvada madera de olivo 30 cm metaltex,EDM,Menaje,8002525806121,48,78,6.35,https://api.elektro3.com/images/products/75578.jpg
Pinza-servir-madera-de-olivo-metaltex-,Pinza servir madera de olivo metaltex ,Pinza servir madera de olivo metaltex,EDM,Menaje,8002525806183,82,25,12.6,https://api.elektro3.com/images/products/75580.jpg
Pinza-multiuso-madera-de-olivo-metaltex-,Pinza multiuso madera de olivo metaltex ,Pinza multiuso madera de olivo metaltex,EDM,Menaje,8002525806190,64,44,11.6,https://api.elektro3.com/images/products/75581.jpg
Cubierto-ensalada-madera-de-olivo-metaltex-,Cubierto ensalada madera de olivo metaltex ,Cubierto ensalada madera de olivo metaltex,EDM,Menaje,8002525806305,100,21,13.3,https://api.elektro3.com/images/products/75582.jpg
Set-4uni.-posavasos-madera-de-mango-modelo-duko--,Set 4uni. posavasos madera de mango modelo duko  ,Set 4uni. posavasos madera de mango modelo duko . 10x10x5cm,MICA DECORATIONS,Menaje,8718861461657,236,19,12.1,https://api.elektro3.com/images/products/83573.jpg
Tabla-de-cortar-cuadrada-de-madera-de-mango-duko-35x25cm,Tabla de cortar cuadrada de madera de mango duko 35x25cm,Tabla de cortar cuadrada de madera de mango  duko  35x25cm,MICA DECORATIONS,Menaje,8718861462968,594,60,20.6,https://api.elektro3.com/images/products/83574.jpg
Tabla-de-cortar-cuadrada-de-madera-de-mango--duko-40x30cm,Tabla de cortar cuadrada de madera de mango  duko 40x30cm,Tabla de cortar cuadrada de madera de mango  duko 40x30cm,MICA DECORATIONS,Menaje,8718861462951,772,10,22.3,https://api.elektro3.com/images/products/83575.jpg
Tabla-de-cortar-redonda-de-madera-de-mango--duko-29x22cm,Tabla de cortar redonda de madera de mango  duko 29x22cm,Tabla de cortar redonda de madera de mango  duko 29x22cm,MICA DECORATIONS,Menaje,8718861462999,376,46,15.4,https://api.elektro3.com/images/products/83576.jpg
Tabla-de-cortar-redonda-de-madera-de-mango--duko-35x28cm,Tabla de cortar redonda de madera de mango  duko 35x28cm,Tabla de cortar redonda de madera de mango  duko 35x28cm,MICA DECORATIONS,Menaje,8718861463002,502,0,20.3,https://api.elektro3.com/images/products/83577.jpg
"Tabla-de-cortar-de-madera-de-mango--connor-24x9,5cm--","Tabla de cortar de madera de mango  connor 24x9,5cm  ","Tabla de cortar de madera de mango  connor 24x9,5cm",MICA DECORATIONS,Menaje,8718861639407,198,50,9.99,https://api.elektro3.com/images/products/83578.jpg
Tabla-de-cortar-de-madera-de-mango--capri-90x18cm--,Tabla de cortar de madera de mango  capri 90x18cm  ,Tabla de cortar de madera de mango  capri 90x18cm,MICA DECORATIONS,Menaje,8718861639476,1682,22,43.45,https://api.elektro3.com/images/products/83579.jpg
Tabla-de-cortar-de-madera-de-mango--centennial-76x15x7cm--,Tabla de cortar de madera de mango  centennial 76x15x7cm  ,Tabla de cortar de madera de mango  centennial 76x15x7cm,MICA DECORATIONS,Menaje,8718861790108,992,6,37.99,https://api.elektro3.com/images/products/83580.jpg
Set-2-tablas-de-cortar-snips,Set 2 tablas de cortar snips,"Set de 2 tablas de cortar snips 20,5x28,5x16,7cm . set de dos tablas de cortar de colores surtidos con decoracion para distinguir el uso de cada una y asi evitar contaminaciones cruzadas. verde para verduras y roja para carne. 0%bpa, reutilizable, 100% reciclable, 100% fabricado en italia. pp",MICA DECORATIONS,Menaje,8001136901461,318,525,8.95,https://api.elektro3.com/images/products/78036.jpg
Taza-redonda-tipo-mug-34cl-,Taza redonda tipo mug 34cl ,Taza redonda tipo mug 34cl,MICA DECORATIONS,Menaje,3560239464501,280,240,3.15,https://api.elektro3.com/images/products/76825.jpg
Caja-metalica-para-azucar-1kg-mod.scandi-nature--,Caja metalica para azucar 1kg mod.scandi nature  ,"Caja metalica para azucar 1kg mod.scandi nature .10,5x10,5 x18,5cm",MICA DECORATIONS,Menaje,3560237555515,180,42,6.6,https://api.elektro3.com/images/products/77000.jpg
Caja-metalica-para-azucar-1kg-rect.-mod.scandi-nature-,Caja metalica para azucar 1kg rect. mod.scandi nature ,"Caja metalica para azucar 1kg rect. mod.scandi nature. 20x13 x6,5cm",MICA DECORATIONS,Menaje,3560237555508,168,43,5.65,https://api.elektro3.com/images/products/77005.jpg
Caja-metalica-para-cereales-750gr-mod.scandi-nature-,Caja metalica para cereales 750gr mod.scandi nature ,Caja metalica para cereales 750gr mod.scandi nature,MICA DECORATIONS,Menaje,3560237555461,258,41,9.99,https://api.elektro3.com/images/products/77057.jpg
Caja-metalica-para-infusiones-para-100ud-mod.scandi-nature-,Caja metalica para infusiones para 100ud mod.scandi nature ,Caja metalica para infusiones para 100ud mod.scandi nature,MICA DECORATIONS,Menaje,3560237555478,256,42,9.99,https://api.elektro3.com/images/products/77058.jpg
Caja-metalica-para-galletas-500gr-mod.scandi-nature-,Caja metalica para galletas 500gr mod.scandi nature ,Caja metalica para galletas 500gr mod.scandi nature,MICA DECORATIONS,Menaje,3560237555485,232,43,9.2,https://api.elektro3.com/images/products/77059.jpg
Caja-metalica-para-café-500gr-mod.scandi-nature-,Caja metalica para café 500gr mod.scandi nature ,Caja metalica para café  500gr mod.scandi nature,MICA DECORATIONS,Menaje,3560237555492,160,43,6.4,https://api.elektro3.com/images/products/77070.jpg
Caja-metalica-para-arroz--1250gr-mod.scandi-nature-,Caja metalica para arroz  1250gr mod.scandi nature ,Caja metalica para arroz  1250gr mod.scandi nature,MICA DECORATIONS,Menaje,3560237555546,186,43,6.6,https://api.elektro3.com/images/products/77071.jpg
Caja-metalica-para-pasta-500gr-mod.scandi-nature-,Caja metalica para pasta 500gr mod.scandi nature ,Caja metalica para pasta 500gr mod.scandi nature,MICA DECORATIONS,Menaje,3560237555553,184,43,6.6,https://api.elektro3.com/images/products/77072.jpg
Caja-metalica-para-spaguetis-1kg-mod.scandi-nature-,Caja metalica para spaguetis 1kg mod.scandi nature ,Caja metalica para spaguetis 1kg mod.scandi nature,MICA DECORATIONS,Menaje,3560237555560,150,43,6.85,https://api.elektro3.com/images/products/77073.jpg
Caja-metalica-para-té-100gr.-mod.scandi-nature-,Caja metalica para té 100gr. mod.scandi nature ,Caja metalica para té 100gr. mod.scandi nature,MICA DECORATIONS,Menaje,3560237555577,122,43,5.45,https://api.elektro3.com/images/products/77074.jpg
